date,close,open,high,low,volume,trading_value,market_cap,per,pbr,eps,listed_shares,company_name,code,listing_date
2022-11-02,1975.0,2000.0,2000.0,1975.0,1235633,2460860580.0,0.0,0.0,0.0,0.0,0.0,교보13호기업인수목적,440790,2022-11-02
2022-11-03,1960.0,1965.0,1975.0,1955.0,176563,346565345.0,0.0,0.0,0.0,0.0,0.0,교보13호기업인수목적,440790,2022-11-02
2023-07-06,6810.0,2170.0,7980.0,2170.0,91339465,566182135835.0,0.0,0.0,0.0,0.0,0.0,교보14호기업인수목적,456490,2023-07-06
2023-07-07,5590.0,7700.0,8190.0,5490.0,20982331,147972539310.0,0.0,0.0,0.0,0.0,0.0,교보14호기업인수목적,456490,2023-07-06
2023-12-05,1975.0,4900.0,5190.0,1970.0,79012679,301530852479.0,0.0,0.0,0.0,0.0,0.0,교보15호기업인수목적,465320,2023-12-05
2023-12-06,2005.0,1992.0,2100.0,1977.0,1909265,3828267694.0,0.0,0.0,0.0,0.0,0.0,교보15호기업인수목적,465320,2023-12-05
2024-08-13,2060.0,2300.0,3380.0,2040.0,88451222,244395640880.0,0.0,0.0,0.0,0.0,0.0,교보16호기업인수목적,482520,2024-08-13
2024-08-14,2060.0,2055.0,2065.0,2050.0,2163708,4447372095.0,0.0,0.0,0.0,0.0,0.0,교보16호기업인수목적,482520,2024-08-13
2024-11-21,2160.0,2150.0,5380.0,2055.0,168753868,681676303050.0,0.0,0.0,0.0,0.0,0.0,교보17호기업인수목적,489210,2024-11-21
2024-11-22,1998.0,2160.0,2170.0,1994.0,4551114,9167013988.0,0.0,0.0,0.0,0.0,0.0,교보17호기업인수목적,489210,2024-11-21
2023-03-13,16200.0,19000.0,19570.0,14600.0,16926708,293504586410.0,0.0,0.0,0.0,0.0,0.0,금양그린파워,282720,2023-03-13
2023-03-14,21050.0,15710.0,21050.0,15620.0,15037370,279737158820.0,0.0,0.0,0.0,0.0,0.0,금양그린파워,282720,2023-03-13
2023-05-24,79000.0,71200.0,88500.0,68000.0,7906842,629998748400.0,0.0,0.0,0.0,0.0,0.0,기가비스,420770,2023-05-24
2023-05-25,74600.0,82700.0,84800.0,72700.0,1501211,118911563700.0,0.0,0.0,0.0,0.0,0.0,기가비스,420770,2023-05-24
2023-02-09,13000.0,10000.0,13000.0,10000.0,323629,4175809000.0,0.0,0.0,0.0,0.0,0.0,꿈비,407400,2023-02-09
2023-02-10,16900.0,16800.0,16900.0,15910.0,2199394,36283455880.0,0.0,0.0,0.0,0.0,0.0,꿈비,407400,2023-02-09
2024-08-20,23700.0,27000.0,29550.0,23700.0,9683947,260291866150.0,0.0,0.0,0.0,0.0,0.0,넥스트바이오메디컬,389650,2024-08-20
2024-08-21,23700.0,23200.0,25200.0,21400.0,3119556,71573742400.0,0.0,0.0,0.0,0.0,0.0,넥스트바이오메디컬,389650,2024-08-20
2024-11-12,19400.0,21500.0,22400.0,19320.0,4975405,103348120860.0,0.0,0.0,0.0,0.0,0.0,노머스,473980,2024-11-12
2024-11-13,18290.0,18970.0,19290.0,17250.0,1401189,25632223890.0,0.0,0.0,0.0,0.0,0.0,노머스,473980,2024-11-12
2024-05-23,54300.0,31000.0,55500.0,30850.0,34223286,1548157787350.0,0.0,0.0,0.0,0.0,0.0,노브랜드,145170,2024-05-23
2024-05-24,52700.0,48500.0,67800.0,48000.0,14534779,865825110250.0,0.0,0.0,0.0,0.0,0.0,노브랜드,145170,2024-05-23
2023-09-19,3100.0,3060.0,3350.0,2740.0,21656452,64121740175.0,0.0,0.0,0.0,0.0,0.0,농업회사법인 우듬지팜,403490,2023-09-19
2023-09-20,3550.0,3325.0,4030.0,2995.0,90894804,325773610305.0,0.0,0.0,0.0,0.0,0.0,농업회사법인 우듬지팜,403490,2023-09-19
2024-06-11,11000.0,14850.0,15490.0,10850.0,3183508,39389431040.0,0.0,0.0,0.0,0.0,0.0,다원넥스뷰,323350,2024-06-11
2024-06-12,10050.0,10720.0,11060.0,10050.0,837434,8642547380.0,0.0,0.0,0.0,0.0,0.0,다원넥스뷰,323350,2024-06-11
2024-11-13,8610.0,9520.0,11950.0,8610.0,17632432,178892543150.0,0.0,0.0,0.0,0.0,0.0,닷밀,464580,2024-11-13
2024-11-14,7680.0,8350.0,9400.0,7620.0,6339304,55044518750.0,0.0,0.0,0.0,0.0,0.0,닷밀,464580,2024-11-13
2022-08-22,14600.0,13000.0,15450.0,12950.0,14822381,214150085450.0,0.0,0.0,0.0,0.0,0.0,대성하이텍,129920,2022-08-22
2022-08-23,14950.0,14600.0,15900.0,14200.0,5547904,82236986800.0,0.0,0.0,0.0,0.0,0.0,대성하이텍,129920,2022-08-22
2022-12-05,1995.0,1985.0,1995.0,1980.0,476937,947691190.0,0.0,0.0,0.0,0.0,0.0,대신밸런스제14호기업인수목적,442310,2022-12-05
2022-12-06,2000.0,2000.0,2000.0,1990.0,100525,200816485.0,0.0,0.0,0.0,0.0,0.0,대신밸런스제14호기업인수목적,442310,2022-12-05
2023-08-30,2035.0,2655.0,3045.0,2035.0,61004368,160470203305.0,0.0,0.0,0.0,0.0,0.0,대신밸런스제15호기업인수목적,457390,2023-08-30
2023-08-31,2015.0,2035.0,2065.0,2015.0,3278471,6642922770.0,0.0,0.0,0.0,0.0,0.0,대신밸런스제15호기업인수목적,457390,2023-08-30
2023-09-04,2005.0,2670.0,2870.0,2005.0,32146665,77352696072.0,0.0,0.0,0.0,0.0,0.0,대신밸런스제16호기업인수목적,457630,2023-09-04
2023-09-05,2025.0,2010.0,2030.0,2005.0,1354664,2721934490.0,0.0,0.0,0.0,0.0,0.0,대신밸런스제16호기업인수목적,457630,2023-09-04
2024-01-24,2140.0,5970.0,6500.0,2125.0,100170753,482624911200.0,0.0,0.0,0.0,0.0,0.0,대신밸런스제17호기업인수목적,471050,2024-01-24
2024-01-25,2095.0,2140.0,2200.0,2060.0,3651337,7681090195.0,0.0,0.0,0.0,0.0,0.0,대신밸런스제17호기업인수목적,471050,2024-01-24
2024-08-22,2025.0,2620.0,3120.0,2025.0,54057436,127056850345.0,0.0,0.0,0.0,0.0,0.0,대신밸런스제18호기업인수목적,478780,2024-08-22
2024-08-23,2040.0,2030.0,2040.0,2025.0,1235774,2508707925.0,0.0,0.0,0.0,0.0,0.0,대신밸런스제18호기업인수목적,478780,2024-08-22
2024-11-20,1993.0,2000.0,2000.0,1991.0,4605355,9192956608.0,0.0,0.0,0.0,0.0,0.0,대신밸런스제19호기업인수목적,482690,2024-11-20
2024-11-21,1997.0,1998.0,1998.0,1994.0,341589,682007367.0,0.0,0.0,0.0,0.0,0.0,대신밸런스제19호기업인수목적,482690,2024-11-20
2024-01-25,7600.0,7600.0,7600.0,7200.0,3145150,23885770420.0,0.0,0.0,0.0,0.0,0.0,드림인사이트,362990,2024-01-25
2024-01-26,5390.0,7500.0,8240.0,5320.0,13383071,88253915610.0,0.0,0.0,0.0,0.0,0.0,드림인사이트,362990,2024-01-25
2023-07-12,4435.0,5750.0,6860.0,4435.0,41272601,241532110145.0,0.0,0.0,0.0,0.0,0.0,디비금융제11호기업인수목적,456440,2023-07-12
2023-07-13,3300.0,4155.0,4315.0,3300.0,10854643,39978293280.0,0.0,0.0,0.0,0.0,0.0,디비금융제11호기업인수목적,456440,2023-07-12
2024-06-18,2065.0,4925.0,5350.0,2065.0,83450534,316504463950.0,0.0,0.0,0.0,0.0,0.0,디비금융제12호기업인수목적,477760,2024-06-18
2024-06-19,2050.0,2060.0,2060.0,2035.0,2250330,4603668810.0,0.0,0.0,0.0,0.0,0.0,디비금융제12호기업인수목적,477760,2024-06-18
2024-11-28,1990.0,3170.0,4500.0,1989.0,112408237,376872277975.0,0.0,0.0,0.0,0.0,0.0,디비금융제13호기업인수목적,489730,2024-11-28
2024-11-29,1967.0,1985.0,1985.0,1961.0,2301191,4531043818.0,0.0,0.0,0.0,0.0,0.0,디비금융제13호기업인수목적,489730,2024-11-28
2024-05-02,36500.0,49250.0,53900.0,36100.0,11582965,524847569150.0,0.0,0.0,0.0,0.0,0.0,디앤디파마텍,347850,2024-05-02
2024-05-03,40500.0,38700.0,42600.0,37350.0,6539729,261028704150.0,0.0,0.0,0.0,0.0,0.0,디앤디파마텍,347850,2024-05-02
2024-06-17,24550.0,50000.0,56000.0,23150.0,33112093,1216358719450.0,0.0,0.0,0.0,0.0,0.0,라메디텍,462510,2024-06-17
2024-06-18,22700.0,23600.0,23950.0,21250.0,4547521,102035734100.0,0.0,0.0,0.0,0.0,0.0,라메디텍,462510,2024-06-17
2023-03-09,5420.0,5420.0,6670.0,5420.0,16156392,94700419220.0,0.0,0.0,0.0,0.0,0.0,라온텍,418420,2023-03-09
2023-03-10,5860.0,5150.0,6210.0,4855.0,24468635,141072513635.0,0.0,0.0,0.0,0.0,0.0,라온텍,418420,2023-03-09
2024-02-01,17250.0,18000.0,20350.0,17250.0,2307470,42132072050.0,0.0,0.0,0.0,0.0,0.0,레이저옵텍,199550,2024-02-01
2024-02-02,14100.0,14800.0,16710.0,13620.0,5000956,74994418130.0,0.0,0.0,0.0,0.0,0.0,레이저옵텍,199550,2024-02-01
2022-07-21,40000.0,30800.0,40000.0,29700.0,6896842,253388294700.0,0.0,0.0,0.0,0.0,0.0,루닛,328130,2022-07-21
2022-07-22,40400.0,39350.0,48950.0,38450.0,7592975,331410924900.0,0.0,0.0,0.0,0.0,0.0,루닛,328130,2022-07-21
2024-10-21,14910.0,14000.0,19180.0,13500.0,53532879,896325906170.0,0.0,0.0,0.0,0.0,0.0,루미르,474170,2024-10-21
2024-10-22,12560.0,13760.0,15940.0,12390.0,34201540,485467913410.0,0.0,0.0,0.0,0.0,0.0,루미르,474170,2024-10-21
2023-06-08,41600.0,32000.0,41600.0,32000.0,11562085,438944794250.0,0.0,0.0,0.0,0.0,0.0,마녀공장,439090,2023-06-08
2023-06-09,46900.0,43550.0,53000.0,43050.0,11360810,555437772050.0,0.0,0.0,0.0,0.0,0.0,마녀공장,439090,2023-06-08
2023-04-26,20650.0,25200.0,30500.0,20050.0,10668998,275604790250.0,0.0,0.0,0.0,0.0,0.0,마이크로투나노,424980,2023-04-26
2023-04-27,21000.0,21500.0,23750.0,19280.0,7496221,163930678170.0,0.0,0.0,0.0,0.0,0.0,마이크로투나노,424980,2023-04-26
2023-11-09,5590.0,6960.0,7950.0,5510.0,32006618,216626608050.0,0.0,0.0,0.0,0.0,0.0,메가터치,446540,2023-11-09
2023-11-10,5180.0,5850.0,6100.0,5100.0,10522254,58781770690.0,0.0,0.0,0.0,0.0,0.0,메가터치,446540,2023-11-09
2023-03-15,9410.0,9370.0,9680.0,9330.0,651563,6132906400.0,0.0,0.0,0.0,0.0,0.0,미래에셋드림기업인수목적1호 주식회사,442900,2023-03-15
2023-03-16,9510.0,9430.0,9560.0,9400.0,136714,1292846460.0,0.0,0.0,0.0,0.0,0.0,미래에셋드림기업인수목적1호 주식회사,442900,2023-03-15
2024-05-29,2255.0,2840.0,7080.0,2255.0,208536608,1069456571985.0,0.0,0.0,0.0,0.0,0.0,미래에셋비전기업인수목적4호,477380,2024-05-29
2024-05-30,2410.0,2695.0,2900.0,2300.0,31821613,82638639465.0,0.0,0.0,0.0,0.0,0.0,미래에셋비전기업인수목적4호,477380,2024-05-29
2024-06-19,2060.0,3300.0,5060.0,2045.0,123217141,448864966580.0,0.0,0.0,0.0,0.0,0.0,미래에셋비전기업인수목적5호,477470,2024-06-19
2024-06-20,2040.0,2060.0,2080.0,2035.0,2087140,4264285640.0,0.0,0.0,0.0,0.0,0.0,미래에셋비전기업인수목적5호,477470,2024-06-19
2024-06-24,1977.0,3095.0,3815.0,1976.0,61043665,182358301048.0,0.0,0.0,0.0,0.0,0.0,미래에셋비전기업인수목적6호,478440,2024-06-24
2024-06-25,1989.0,1986.0,1990.0,1977.0,1372678,2719173095.0,0.0,0.0,0.0,0.0,0.0,미래에셋비전기업인수목적6호,478440,2024-06-24
2024-09-11,1984.0,2740.0,3225.0,1981.0,71570249,185943657669.0,0.0,0.0,0.0,0.0,0.0,미래에셋비전기업인수목적7호,482680,2024-09-11
2024-09-12,1989.0,1990.0,1996.0,1983.0,1969099,3910867098.0,0.0,0.0,0.0,0.0,0.0,미래에셋비전기업인수목적7호,482680,2024-09-11
2023-03-02,29400.0,42000.0,54600.0,29400.0,4523111,154771594150.0,0.0,0.0,0.0,0.0,0.0,바이오인프라,199730,2023-03-02
2023-03-03,28700.0,30150.0,30600.0,28050.0,1088642,31853344900.0,0.0,0.0,0.0,0.0,0.0,바이오인프라,199730,2023-03-02
2024-08-12,15750.0,15990.0,19800.0,14320.0,38800121,666077573360.0,0.0,0.0,0.0,0.0,0.0,뱅크웨어글로벌,199480,2024-08-12
2024-08-13,12800.0,15010.0,15180.0,12250.0,10468307,141606894970.0,0.0,0.0,0.0,0.0,0.0,뱅크웨어글로벌,199480,2024-08-12
2023-07-26,11700.0,23600.0,24800.0,11410.0,18037660,327800628920.0,0.0,0.0,0.0,0.0,0.0,버넥트,438700,2023-07-26
2023-07-27,10870.0,12000.0,13450.0,10560.0,7060646,87396381730.0,0.0,0.0,0.0,0.0,0.0,버넥트,438700,2023-07-26
2024-12-16,7730.0,9960.0,10640.0,6900.0,66964153,587527101610.0,0.0,0.0,0.0,0.0,0.0,벡트,457600,2024-12-16
2024-12-17,6300.0,8150.0,8290.0,6110.0,13399127,99501935230.0,0.0,0.0,0.0,0.0,0.0,벡트,457600,2024-12-16
2023-07-24,32600.0,54500.0,69200.0,32600.0,7348742,407995654400.0,0.0,0.0,0.0,0.0,0.0,뷰티스킨,406820,2023-07-24
2023-07-25,26400.0,30150.0,31150.0,26050.0,863519,24684424500.0,0.0,0.0,0.0,0.0,0.0,뷰티스킨,406820,2023-07-24
2023-12-13,51000.0,55300.0,75900.0,45600.0,29726280,1893103054700.0,0.0,0.0,0.0,0.0,0.0,블루엠텍,439580,2023-12-13
2023-12-14,35700.0,46200.0,48550.0,35700.0,9342117,381800667450.0,0.0,0.0,0.0,0.0,0.0,블루엠텍,439580,2023-12-13
2022-10-18,3870.0,3470.0,3870.0,3470.0,9494166,36050256885.0,0.0,0.0,0.0,0.0,0.0,비스토스,419540,2022-10-18
2022-10-19,3240.0,3870.0,4020.0,3170.0,9072660,33015215625.0,0.0,0.0,0.0,0.0,0.0,비스토스,419540,2022-10-18
2023-11-09,11660.0,17040.0,17400.0,11490.0,6732507,93981446390.0,0.0,0.0,0.0,0.0,0.0,비아이매트릭스,413640,2023-11-09
2023-11-10,11800.0,11630.0,12270.0,10630.0,2685673,31713975380.0,0.0,0.0,0.0,0.0,0.0,비아이매트릭스,413640,2023-11-09
2022-12-22,1985.0,1980.0,2000.0,1970.0,657598,1301264390.0,0.0,0.0,0.0,0.0,0.0,비엔케이제1호기업인수목적,445360,2022-12-22
2022-12-23,1975.0,1985.0,1985.0,1975.0,86541,171277330.0,0.0,0.0,0.0,0.0,0.0,비엔케이제1호기업인수목적,445360,2022-12-22
2024-03-05,2005.0,4020.0,4550.0,1998.0,28690646,88530039609.0,0.0,0.0,0.0,0.0,0.0,비엔케이제2호기업인수목적,473370,2024-03-05
2024-03-06,2010.0,2005.0,2015.0,1999.0,840237,1684911857.0,0.0,0.0,0.0,0.0,0.0,비엔케이제2호기업인수목적,473370,2024-03-05
2022-06-20,9050.0,10500.0,11300.0,8800.0,2054273,20942112350.0,0.0,0.0,0.0,0.0,0.0,비큐에이아이,148780,2022-06-20
2022-06-21,8270.0,9060.0,9090.0,8150.0,444965,3736448250.0,0.0,0.0,0.0,0.0,0.0,비큐에이아이,148780,2022-06-20
2023-08-17,26350.0,26900.0,45700.0,26050.0,9408968,341652033000.0,0.0,0.0,0.0,0.0,0.0,빅토리콘텐츠,210120,2023-08-17
2023-08-18,23300.0,28000.0,30600.0,23300.0,1408496,38125262450.0,0.0,0.0,0.0,0.0,0.0,빅토리콘텐츠,210120,2023-08-17
2024-04-25,17000.0,18200.0,23850.0,17000.0,13560144,278733121140.0,0.0,0.0,0.0,0.0,0.0,삐아,451250,2024-04-25
2024-04-26,14180.0,16200.0,16730.0,13630.0,5159799,77569873360.0,0.0,0.0,0.0,0.0,0.0,삐아,451250,2024-04-25
2024-11-19,18490.0,21000.0,23200.0,18490.0,4879062,101651030800.0,0.0,0.0,0.0,0.0,0.0,사이냅소프트,466410,2024-11-19
2024-11-20,17150.0,18100.0,18590.0,16510.0,802676,13962380870.0,0.0,0.0,0.0,0.0,0.0,사이냅소프트,466410,2024-11-19
2024-02-19,47750.0,43700.0,47750.0,40150.0,5091865,236787757050.0,0.0,0.0,0.0,0.0,0.0,사피엔반도체,452430,2024-02-19
2024-02-20,48600.0,49900.0,59200.0,47500.0,7746861,422659033700.0,0.0,0.0,0.0,0.0,0.0,사피엔반도체,452430,2024-02-19
2022-10-27,20850.0,24150.0,24650.0,19850.0,3520489,75761262900.0,0.0,0.0,0.0,0.0,0.0,산돌,419120,2022-10-27
2022-10-28,19500.0,20300.0,21200.0,19050.0,940514,18954005600.0,0.0,0.0,0.0,0.0,0.0,산돌,419120,2022-10-27
2022-06-30,5200.0,4000.0,5200.0,4000.0,2498372,12495350445.0,0.0,0.0,0.0,0.0,0.0,삼성기업인수목적6호,425290,2022-06-30
2022-07-01,6760.0,6760.0,6760.0,5730.0,13058750,83287310370.0,0.0,0.0,0.0,0.0,0.0,삼성기업인수목적6호,425290,2022-06-30
2022-10-26,14100.0,17150.0,18000.0,12650.0,4079189,60513588850.0,0.0,0.0,0.0,0.0,0.0,삼성기업인수목적7호,439250,2022-10-26
2022-10-27,14050.0,14800.0,16450.0,13350.0,5065389,76340433550.0,0.0,0.0,0.0,0.0,0.0,삼성기업인수목적7호,439250,2022-10-26
2023-03-02,9980.0,10100.0,10300.0,9970.0,2249928,22625365250.0,0.0,0.0,0.0,0.0,0.0,삼성기업인수목적8호,448740,2023-03-02
2023-03-03,9930.0,9990.0,9990.0,9930.0,228684,2275497790.0,0.0,0.0,0.0,0.0,0.0,삼성기업인수목적8호,448740,2023-03-02
2023-12-04,2070.0,4720.0,5150.0,2060.0,132047477,515848235295.0,0.0,0.0,0.0,0.0,0.0,삼성기업인수목적9호,468510,2023-12-04
2023-12-05,1929.0,2010.0,2015.0,1920.0,6461715,12695015507.0,0.0,0.0,0.0,0.0,0.0,삼성기업인수목적9호,468510,2023-12-04
2024-03-21,47000.0,67000.0,69400.0,45150.0,8348134,465163939650.0,0.0,0.0,0.0,0.0,0.0,삼현,437730,2024-03-21
2024-03-22,51400.0,45200.0,57500.0,44800.0,7963053,417293137600.0,0.0,0.0,0.0,0.0,0.0,삼현,437730,2024-03-21
2023-09-14,1983.0,2430.0,2485.0,1982.0,13227421,28744499864.0,0.0,0.0,0.0,0.0,0.0,상상인제4호기업인수목적,452670,2023-09-14
2023-09-15,1980.0,1982.0,1985.0,1974.0,648402,1282878123.0,0.0,0.0,0.0,0.0,0.0,상상인제4호기업인수목적,452670,2023-09-14
2022-08-04,72500.0,70000.0,91000.0,70000.0,2784861,221126700100.0,0.0,0.0,0.0,0.0,0.0,새빗켐,107600,2022-08-04
2022-08-05,74000.0,75900.0,78400.0,70200.0,1187138,88468665500.0,0.0,0.0,0.0,0.0,0.0,새빗켐,107600,2022-08-04
2023-02-15,24900.0,21000.0,27300.0,21000.0,11975410,312811395450.0,0.0,0.0,0.0,0.0,0.0,샌즈랩,411080,2023-02-15
2023-02-16,22100.0,25250.0,25300.0,21650.0,3848540,87864510400.0,0.0,0.0,0.0,0.0,0.0,샌즈랩,411080,2023-02-15
2022-10-19,8630.0,9000.0,11600.0,8580.0,19168821,184913974380.0,0.0,0.0,0.0,0.0,0.0,샤페론,378800,2022-10-19
2022-10-20,7150.0,8310.0,8440.0,7050.0,3829182,29393378080.0,0.0,0.0,0.0,0.0,0.0,샤페론,378800,2022-10-19
2022-10-05,10600.0,12050.0,12050.0,10350.0,858845,9334659850.0,0.0,0.0,0.0,0.0,0.0,선바이오,067370,2022-10-05
2022-10-06,10650.0,10600.0,11200.0,10350.0,280325,3010926600.0,0.0,0.0,0.0,0.0,0.0,선바이오,067370,2022-10-05
2024-10-31,28000.0,32000.0,32300.0,25400.0,10002228,284943428650.0,0.0,0.0,0.0,0.0,0.0,성우,458650,2024-10-31
2024-11-01,28600.0,26150.0,31450.0,25500.0,6471275,186013500100.0,0.0,0.0,0.0,0.0,0.0,성우,458650,2024-10-31
2022-07-28,88200.0,99900.0,100000.0,81200.0,4015274,374605507400.0,0.0,0.0,0.0,0.0,0.0,성일하이텍,365340,2022-07-28
2022-07-29,92000.0,89900.0,98100.0,89600.0,2634911,247422834300.0,0.0,0.0,0.0,0.0,0.0,성일하이텍,365340,2022-07-28
2023-07-19,6830.0,12700.0,13000.0,6640.0,47062860,446164115160.0,0.0,0.0,0.0,0.0,0.0,센서뷰,321370,2023-07-19
2023-07-20,6120.0,6530.0,6570.0,5870.0,5897466,36633885630.0,0.0,0.0,0.0,0.0,0.0,센서뷰,321370,2023-07-19
2023-04-20,10100.0,9380.0,10100.0,8450.0,11193690,106139988160.0,0.0,0.0,0.0,0.0,0.0,셀바이오휴먼텍,318160,2023-04-20
2023-04-21,9510.0,11920.0,12800.0,9270.0,21997749,256983413410.0,0.0,0.0,0.0,0.0,0.0,셀바이오휴먼텍,318160,2023-04-20
2024-10-16,20650.0,25400.0,26850.0,19130.0,22855966,530524847800.0,0.0,0.0,0.0,0.0,0.0,셀비온,308430,2024-10-16
2024-10-17,26800.0,21150.0,26800.0,21000.0,18596914,445188326250.0,0.0,0.0,0.0,0.0,0.0,셀비온,308430,2024-10-16
2023-08-22,10470.0,16110.0,16800.0,10030.0,19796003,254496608630.0,0.0,0.0,0.0,0.0,0.0,스마트레이더시스템,424960,2023-08-22
2023-08-23,12700.0,12140.0,13610.0,11810.0,8035703,102615355060.0,0.0,0.0,0.0,0.0,0.0,스마트레이더시스템,424960,2023-08-22
2023-11-20,19060.0,18890.0,20400.0,17800.0,23858510,460187769840.0,0.0,0.0,0.0,0.0,0.0,스톰테크,352090,2023-11-20
2023-11-21,16340.0,18150.0,18230.0,16140.0,8617726,145894676080.0,0.0,0.0,0.0,0.0,0.0,스톰테크,352090,2023-11-20
2023-02-07,50700.0,39000.0,50700.0,39000.0,531542,26793978900.0,0.0,0.0,0.0,0.0,0.0,스튜디오미르,408900,2023-02-07
2023-02-08,59300.0,59200.0,63300.0,55300.0,3323652,197910677600.0,0.0,0.0,0.0,0.0,0.0,스튜디오미르,408900,2023-02-07
2024-02-06,39900.0,52000.0,52600.0,34200.0,11512377,497639194500.0,0.0,0.0,0.0,0.0,0.0,스튜디오삼익,415380,2024-02-06
2024-02-07,37850.0,35950.0,41000.0,34700.0,3046778,113120576950.0,0.0,0.0,0.0,0.0,0.0,스튜디오삼익,415380,2024-02-06
2023-08-03,23100.0,26350.0,27150.0,22000.0,4895771,118616779500.0,0.0,0.0,0.0,0.0,0.0,시지트로닉스,429270,2023-08-03
2023-08-04,21150.0,23100.0,23550.0,20850.0,1424238,31477064450.0,0.0,0.0,0.0,0.0,0.0,시지트로닉스,429270,2023-08-03
2023-08-24,24300.0,19000.0,24300.0,18060.0,16434135,344892261360.0,0.0,0.0,0.0,0.0,0.0,시큐레터,418250,2023-08-24
2023-08-25,31550.0,28450.0,31550.0,27050.0,5786096,172206414250.0,0.0,0.0,0.0,0.0,0.0,시큐레터,418250,2023-08-24
2023-06-29,9150.0,8940.0,11800.0,7600.0,68468756,659530957020.0,0.0,0.0,0.0,0.0,0.0,시큐센,232830,2023-06-29
2023-06-30,7720.0,8340.0,9780.0,7680.0,29361170,261872493550.0,0.0,0.0,0.0,0.0,0.0,시큐센,232830,2023-06-29
2023-10-19,39050.0,46050.0,47150.0,36800.0,8809795,359120565750.0,0.0,0.0,0.0,0.0,0.0,신성에스티,416180,2023-10-19
2023-10-20,33350.0,37400.0,40800.0,33200.0,2484692,92748234800.0,0.0,0.0,0.0,0.0,0.0,신성에스티,416180,2023-10-19
2024-02-06,2090.0,3670.0,3800.0,2070.0,30583197,85421153905.0,0.0,0.0,0.0,0.0,0.0,신영해피투모로우제10호기업인수목적,472220,2024-02-06
2024-02-07,2095.0,2095.0,2100.0,2080.0,835676,1744078650.0,0.0,0.0,0.0,0.0,0.0,신영해피투모로우제10호기업인수목적,472220,2024-02-06
2022-12-27,1985.0,1985.0,2000.0,1985.0,672854,1337640965.0,0.0,0.0,0.0,0.0,0.0,신영해피투모로우제9호기업인수목적,445970,2022-12-27
2022-12-28,2005.0,1990.0,2020.0,1990.0,77542,155768845.0,0.0,0.0,0.0,0.0,0.0,신영해피투모로우제9호기업인수목적,445970,2022-12-27
2023-10-04,1900.0,1996.0,2000.0,1900.0,8419078,16332938009.0,0.0,0.0,0.0,0.0,0.0,신한제11호기업인수목적,452980,2023-10-04
2023-10-05,1898.0,1903.0,1925.0,1890.0,1133214,2153598936.0,0.0,0.0,0.0,0.0,0.0,신한제11호기업인수목적,452980,2023-10-04
2024-04-15,2105.0,4500.0,5300.0,2100.0,79064961,318234787075.0,0.0,0.0,0.0,0.0,0.0,신한제12호기업인수목적,474660,2024-04-15
2024-04-16,2085.0,2145.0,2165.0,2070.0,2738837,5730534460.0,0.0,0.0,0.0,0.0,0.0,신한제12호기업인수목적,474660,2024-04-15
2024-04-22,2195.0,5900.0,6070.0,2195.0,56254097,229785451140.0,0.0,0.0,0.0,0.0,0.0,신한제13호기업인수목적,474930,2024-04-22
2024-04-23,2180.0,2195.0,2300.0,2160.0,1947093,4258258670.0,0.0,0.0,0.0,0.0,0.0,신한제13호기업인수목적,474930,2024-04-22
2024-12-23,1903.0,2365.0,2500.0,1903.0,16752650,35652061350.0,0.0,0.0,0.0,0.0,0.0,신한제14호기업인수목적,487360,2024-12-23
2024-12-24,1915.0,1911.0,1921.0,1905.0,693715,1327214726.0,0.0,0.0,0.0,0.0,0.0,신한제14호기업인수목적,487360,2024-12-23
2023-11-07,9430.0,10000.0,11930.0,9010.0,35550468,376654640440.0,0.0,0.0,0.0,0.0,0.0,쏘닉스,088280,2023-11-07
2023-11-08,9200.0,9120.0,10080.0,8520.0,19848566,185321130760.0,0.0,0.0,0.0,0.0,0.0,쏘닉스,088280,2023-11-07
2024-11-14,4100.0,5410.0,6300.0,4055.0,67246187,354585070570.0,0.0,0.0,0.0,0.0,0.0,쓰리빌리언,394800,2024-11-14
2024-11-15,3290.0,3990.0,4040.0,3255.0,9537171,34156430895.0,0.0,0.0,0.0,0.0,0.0,쓰리빌리언,394800,2024-11-14
2024-10-24,23100.0,35600.0,37450.0,22150.0,21914077,661999597800.0,0.0,0.0,0.0,0.0,0.0,씨메스,475400,2024-10-24
2024-10-25,19850.0,22200.0,22750.0,19520.0,4864475,102673163340.0,0.0,0.0,0.0,0.0,0.0,씨메스,475400,2024-10-24
2023-12-21,39000.0,35800.0,39000.0,33500.0,1211939,44986714550.0,0.0,0.0,0.0,0.0,0.0,씨싸이트,109670,2023-12-21
2023-12-22,44250.0,34500.0,49850.0,27900.0,10217492,428189938050.0,0.0,0.0,0.0,0.0,0.0,씨싸이트,109670,2023-12-21
2024-06-19,18500.0,34450.0,36000.0,18360.0,21910268,574061047590.0,0.0,0.0,0.0,0.0,0.0,씨어스테크놀로지,458870,2024-06-19
2024-06-20,17420.0,17880.0,19910.0,17150.0,6432847,119554468780.0,0.0,0.0,0.0,0.0,0.0,씨어스테크놀로지,458870,2024-06-19
2024-09-03,4260.0,3800.0,4260.0,3310.0,80171297,319457988165.0,0.0,0.0,0.0,0.0,0.0,아이비젼웍스,469750,2024-09-03
2024-09-04,3900.0,4490.0,4945.0,3855.0,75645598,345451850520.0,0.0,0.0,0.0,0.0,0.0,아이비젼웍스,469750,2024-09-03
2023-04-06,2090.0,2055.0,2100.0,2050.0,2023509,4180344190.0,0.0,0.0,0.0,0.0,0.0,아이비케이에스제22호기업인수목적,448760,2023-04-06
2023-04-07,2095.0,2085.0,2100.0,2085.0,119542,249931550.0,0.0,0.0,0.0,0.0,0.0,아이비케이에스제22호기업인수목적,448760,2023-04-06
2024-02-01,2125.0,4865.0,4985.0,2100.0,39845782,136872140915.0,0.0,0.0,0.0,0.0,0.0,아이비케이에스제24호기업인수목적,469480,2024-02-01
2024-02-02,2130.0,2115.0,2140.0,2105.0,1306109,2768794670.0,0.0,0.0,0.0,0.0,0.0,아이비케이에스제24호기업인수목적,469480,2024-02-01
2024-08-06,13360.0,10000.0,20150.0,8560.0,66578545,873960183750.0,0.0,0.0,0.0,0.0,0.0,아이빔테크놀로지,460470,2024-08-06
2024-08-07,13360.0,14690.0,16120.0,13230.0,23368679,352251517270.0,0.0,0.0,0.0,0.0,0.0,아이빔테크놀로지,460470,2024-08-06
2024-09-23,10900.0,18000.0,18370.0,10550.0,52554085,793270714970.0,0.0,0.0,0.0,0.0,0.0,아이언디바이스,464500,2024-09-23
2024-09-24,11100.0,11980.0,13120.0,11010.0,15532901,188801922930.0,0.0,0.0,0.0,0.0,0.0,아이언디바이스,464500,2024-09-23
2024-04-03,36000.0,28550.0,40550.0,28550.0,31541237,1119343507650.0,0.0,0.0,0.0,0.0,0.0,아이엠비디엑스,461030,2024-04-03
2024-04-04,30800.0,38850.0,39850.0,30300.0,7922806,274123562950.0,0.0,0.0,0.0,0.0,0.0,아이엠비디엑스,461030,2024-04-03
2023-10-10,20750.0,28000.0,28500.0,19980.0,7357901,170504514030.0,0.0,0.0,0.0,0.0,0.0,아이엠티,451220,2023-10-10
2023-10-11,21100.0,21500.0,22750.0,20450.0,2726983,59002915450.0,0.0,0.0,0.0,0.0,0.0,아이엠티,451220,2023-10-10
2024-11-19,5860.0,7800.0,8410.0,5810.0,18066059,127991545830.0,0.0,0.0,0.0,0.0,0.0,알에프시스템즈,474610,2024-11-19
2024-11-20,6540.0,5750.0,6800.0,5550.0,14219738,89160030790.0,0.0,0.0,0.0,0.0,0.0,알에프시스템즈,474610,2024-11-19
2022-09-29,18300.0,19300.0,20700.0,17550.0,5839024,112223695950.0,0.0,0.0,0.0,0.0,0.0,알피바이오,314140,2022-09-29
2022-09-30,15750.0,18100.0,19000.0,14600.0,2196187,36564279750.0,0.0,0.0,0.0,0.0,0.0,알피바이오,314140,2022-09-29
2022-10-17,31050.0,23900.0,31050.0,21000.0,5195404,136190348050.0,0.0,0.0,0.0,0.0,0.0,에스비비테크,389500,2022-10-17
2022-10-18,28950.0,33550.0,34100.0,28350.0,4904138,151276980450.0,0.0,0.0,0.0,0.0,0.0,에스비비테크,389500,2022-10-17
2022-12-06,23450.0,18050.0,23450.0,17550.0,8814754,188169390800.0,0.0,0.0,0.0,0.0,0.0,에스에이엠지엔터테인먼트,419530,2022-12-06
2022-12-07,26500.0,24250.0,28850.0,23600.0,10704662,281613114450.0,0.0,0.0,0.0,0.0,0.0,에스에이엠지엔터테인먼트,419530,2022-12-06
2024-06-25,14420.0,20850.0,21100.0,13350.0,36916799,614006138820.0,0.0,0.0,0.0,0.0,0.0,에스오에스랩,464080,2024-06-25
2024-06-26,14000.0,13860.0,14990.0,12920.0,9978514,137177133680.0,0.0,0.0,0.0,0.0,0.0,에스오에스랩,464080,2024-06-25
2023-11-13,4065.0,3300.0,5410.0,2575.0,148158237,580477045650.0,0.0,0.0,0.0,0.0,0.0,에스와이스틸텍,365330,2023-11-13
2023-11-14,5280.0,4720.0,5280.0,4715.0,34006526,173175366035.0,0.0,0.0,0.0,0.0,0.0,에스와이스틸텍,365330,2023-11-13
2024-12-19,4980.0,6790.0,6880.0,4930.0,10304256,61446928590.0,0.0,0.0,0.0,0.0,0.0,에스지헬스케어,398120,2024-12-19
2024-12-20,4350.0,5060.0,5620.0,4350.0,5594646,27709378380.0,0.0,0.0,0.0,0.0,0.0,에스지헬스케어,398120,2024-12-19
2024-03-04,2100.0,4000.0,5700.0,2100.0,89618041,379971879320.0,0.0,0.0,0.0,0.0,0.0,에스케이증권제11호기업인수목적,472230,2024-03-04
2024-03-05,2080.0,2105.0,2110.0,2065.0,1844735,3838455250.0,0.0,0.0,0.0,0.0,0.0,에스케이증권제11호기업인수목적,472230,2024-03-04
2024-05-07,2090.0,2800.0,3055.0,2080.0,15463054,38280719655.0,0.0,0.0,0.0,0.0,0.0,에스케이증권제12호기업인수목적,473000,2024-05-07
2024-05-08,2100.0,2090.0,2110.0,2085.0,364423,762630800.0,0.0,0.0,0.0,0.0,0.0,에스케이증권제12호기업인수목적,473000,2024-05-07
2024-07-25,2065.0,2885.0,3375.0,2050.0,40557350,113758553705.0,0.0,0.0,0.0,0.0,0.0,에스케이증권제13호기업인수목적,473950,2024-07-25
2024-07-26,2080.0,2065.0,2085.0,2060.0,1258168,2600330060.0,0.0,0.0,0.0,0.0,0.0,에스케이증권제13호기업인수목적,473950,2024-07-25
2022-10-06,2140.0,2120.0,2170.0,2115.0,1205173,2561622155.0,0.0,0.0,0.0,0.0,0.0,에스케이증권제8호기업인수목적,435870,2022-10-06
2022-10-07,2130.0,2130.0,2145.0,2125.0,192251,409490210.0,0.0,0.0,0.0,0.0,0.0,에스케이증권제8호기업인수목적,435870,2022-10-06
2024-11-18,7090.0,10730.0,11480.0,7030.0,10563521,96331346120.0,0.0,0.0,0.0,0.0,0.0,에스켐,475660,2024-11-18
2024-11-19,6840.0,6970.0,7300.0,6650.0,1926639,13372628250.0,0.0,0.0,0.0,0.0,0.0,에스켐,475660,2024-11-18
2024-02-15,12940.0,8340.0,13110.0,7510.0,41308294,462702677310.0,0.0,0.0,0.0,0.0,0.0,에스피소프트,443670,2024-02-15
2024-02-16,16820.0,13370.0,16820.0,12600.0,48609008,729434130770.0,0.0,0.0,0.0,0.0,0.0,에스피소프트,443670,2024-02-15
2023-11-28,70100.0,85000.0,96500.0,70100.0,10140677,859860026400.0,0.0,0.0,0.0,0.0,0.0,에이에스텍,453860,2023-11-28
2023-11-29,51800.0,63000.0,64300.0,51400.0,2687221,156629046300.0,0.0,0.0,0.0,0.0,0.0,에이에스텍,453860,2023-11-28
2023-07-27,22550.0,31600.0,32750.0,22200.0,4484016,118850357700.0,0.0,0.0,0.0,0.0,0.0,에이엘티,172670,2023-07-27
2023-07-28,23400.0,23850.0,25250.0,22450.0,1022469,24189677650.0,0.0,0.0,0.0,0.0,0.0,에이엘티,172670,2023-07-27
2023-11-13,30300.0,31800.0,33300.0,26800.0,5573774,166879819900.0,0.0,0.0,0.0,0.0,0.0,에이직랜드,445090,2023-11-13
2023-11-14,31800.0,31900.0,33750.0,29000.0,5036185,160154540900.0,0.0,0.0,0.0,0.0,0.0,에이직랜드,445090,2023-11-13
2024-01-25,6700.0,10100.0,11400.0,6700.0,115829101,1085384295230.0,0.0,0.0,0.0,0.0,0.0,에이치비인베스트먼트,440290,2024-01-25
2024-01-26,5530.0,6360.0,7070.0,5430.0,22527633,142875312770.0,0.0,0.0,0.0,0.0,0.0,에이치비인베스트먼트,440290,2024-01-25
2024-06-24,1958.0,2455.0,2545.0,1954.0,21503497,47150397671.0,0.0,0.0,0.0,0.0,0.0,에이치엠씨아이비제7호기업인수목적,477340,2024-06-24
2024-06-25,1960.0,1962.0,1963.0,1952.0,840064,1643324819.0,0.0,0.0,0.0,0.0,0.0,에이치엠씨아이비제7호기업인수목적,477340,2024-06-24
2022-08-09,15850.0,14700.0,17100.0,14500.0,13431819,212409679250.0,0.0,0.0,0.0,0.0,0.0,에이치와이티씨,148930,2022-08-09
2022-08-10,16250.0,15850.0,16250.0,14750.0,3151823,49212557700.0,0.0,0.0,0.0,0.0,0.0,에이치와이티씨,148930,2022-08-09
2024-11-05,16400.0,20500.0,20650.0,16160.0,4798893,89198492360.0,0.0,0.0,0.0,0.0,0.0,에이치이엠파마,376270,2024-11-05
2024-11-06,13850.0,16470.0,16470.0,13550.0,1092920,16431229430.0,0.0,0.0,0.0,0.0,0.0,에이치이엠파마,376270,2024-11-05
2022-07-28,21850.0,19500.0,25300.0,19500.0,7873697,171293296550.0,0.0,0.0,0.0,0.0,0.0,에이프릴바이오,397030,2022-07-28
2022-07-29,21950.0,21400.0,23000.0,20750.0,1585260,34656008000.0,0.0,0.0,0.0,0.0,0.0,에이프릴바이오,397030,2022-07-28
2023-11-21,62300.0,46100.0,62300.0,46100.0,12779560,656910633550.0,0.0,0.0,0.0,0.0,0.0,에코아이,448280,2023-11-21
2023-11-22,80900.0,73300.0,80900.0,72900.0,8899125,688481400800.0,0.0,0.0,0.0,0.0,0.0,에코아이,448280,2023-11-21
2024-07-15,8330.0,12480.0,12900.0,8330.0,20377109,214507175590.0,0.0,0.0,0.0,0.0,0.0,엑셀세라퓨틱스,373110,2024-07-15
2024-07-16,8330.0,8200.0,9410.0,8000.0,10583948,92756325490.0,0.0,0.0,0.0,0.0,0.0,엑셀세라퓨틱스,373110,2024-07-15
2023-03-16,4085.0,4080.0,4775.0,3980.0,12744041,54904905030.0,0.0,0.0,0.0,0.0,0.0,엑스게이트,356680,2023-03-16
2023-03-17,4110.0,4180.0,4450.0,3840.0,7737812,31857211095.0,0.0,0.0,0.0,0.0,0.0,엑스게이트,356680,2023-03-16
2022-06-28,2090.0,2085.0,2090.0,2080.0,1339192,2793564300.0,0.0,0.0,0.0,0.0,0.0,엔에이치기업인수목적23호,422040,2022-06-28
2022-06-29,2100.0,2095.0,2110.0,2090.0,128828,269973845.0,0.0,0.0,0.0,0.0,0.0,엔에이치기업인수목적23호,422040,2022-06-28
2022-10-20,2055.0,2060.0,2065.0,2055.0,1082762,2227945485.0,0.0,0.0,0.0,0.0,0.0,엔에이치기업인수목적24호,437780,2022-10-20
2022-10-21,2045.0,2055.0,2055.0,2040.0,82654,169317990.0,0.0,0.0,0.0,0.0,0.0,엔에이치기업인수목적24호,437780,2022-10-20
2022-11-03,2175.0,2110.0,2270.0,2105.0,1226687,2620976525.0,0.0,0.0,0.0,0.0,0.0,엔에이치기업인수목적25호,438580,2022-11-03
2022-11-04,2200.0,2175.0,2200.0,2165.0,98348,213990795.0,0.0,0.0,0.0,0.0,0.0,엔에이치기업인수목적25호,438580,2022-11-03
2022-12-01,1980.0,1995.0,1995.0,1975.0,747290,1485005750.0,0.0,0.0,0.0,0.0,0.0,엔에이치기업인수목적26호,439410,2022-12-01
2022-12-02,1975.0,1985.0,1995.0,1975.0,88711,175889380.0,0.0,0.0,0.0,0.0,0.0,엔에이치기업인수목적26호,439410,2022-12-01
2024-03-26,65000.0,50500.0,77700.0,44100.0,34678750,1956417590850.0,0.0,0.0,0.0,0.0,0.0,엔젤로보틱스,455900,2024-03-26
2024-03-27,66800.0,71100.0,76400.0,65700.0,13615567,980270773300.0,0.0,0.0,0.0,0.0,0.0,엔젤로보틱스,455900,2024-03-26
2023-03-29,8450.0,6500.0,8450.0,6110.0,23387178,176448338010.0,0.0,0.0,0.0,0.0,0.0,엘비인베스트먼트,309960,2023-03-29
2023-03-30,8900.0,9200.0,10400.0,8900.0,20381120,197485374860.0,0.0,0.0,0.0,0.0,0.0,엘비인베스트먼트,309960,2023-03-29
2023-12-12,24000.0,19940.0,24000.0,19900.0,42918124,958170483440.0,0.0,0.0,0.0,0.0,0.0,엘에스머트리얼즈,417200,2023-12-12
2023-12-13,31200.0,28400.0,31200.0,28350.0,22837019,690467086100.0,0.0,0.0,0.0,0.0,0.0,엘에스머트리얼즈,417200,2023-12-12
2024-08-22,22300.0,26000.0,54800.0,22200.0,57051628,2294251022900.0,0.0,0.0,0.0,0.0,0.0,엠83,476080,2024-08-22
2024-08-23,18510.0,21800.0,24800.0,18330.0,11578374,254101058650.0,0.0,0.0,0.0,0.0,0.0,엠83,476080,2024-08-22
2024-12-26,7180.0,7090.0,8440.0,5920.0,27446605,200767920190.0,0.0,0.0,0.0,0.0,0.0,엠에프씨,432980,2024-12-26
2024-12-27,6150.0,7010.0,7630.0,6110.0,8168404,57777692090.0,0.0,0.0,0.0,0.0,0.0,엠에프씨,432980,2024-12-26
2024-11-18,7800.0,8450.0,10660.0,7320.0,17756641,155623353990.0,0.0,0.0,0.0,0.0,0.0,엠오티,413390,2024-11-18
2024-11-19,7430.0,7650.0,8140.0,7300.0,2310704,17585317960.0,0.0,0.0,0.0,0.0,0.0,엠오티,413390,2024-11-18
2023-01-30,46800.0,36000.0,46800.0,36000.0,2157537,98687220100.0,0.0,0.0,0.0,0.0,0.0,오브젠,417860,2023-01-30
2023-01-31,49500.0,50600.0,55300.0,47950.0,3417587,176696998550.0,0.0,0.0,0.0,0.0,0.0,오브젠,417860,2023-01-30
2024-03-13,29350.0,33250.0,45000.0,28800.0,14533651,514347692150.0,0.0,0.0,0.0,0.0,0.0,오상헬스케어,036220,2024-03-13
2024-03-14,26200.0,28400.0,29400.0,26000.0,2484850,67949730000.0,0.0,0.0,0.0,0.0,0.0,오상헬스케어,036220,2024-03-13
2022-09-26,10050.0,10800.0,11400.0,9490.0,6708980,70865309890.0,0.0,0.0,0.0,0.0,0.0,오픈엣지테크놀로지,394280,2022-09-26
2022-09-27,13050.0,10600.0,13050.0,10150.0,11456650,136198706850.0,0.0,0.0,0.0,0.0,0.0,오픈엣지테크놀로지,394280,2022-09-26
2024-12-19,17300.0,18000.0,26100.0,16750.0,33939536,708597325980.0,0.0,0.0,0.0,0.0,0.0,온코닉테라퓨틱스,476060,2024-12-19
2024-12-20,21400.0,16330.0,22000.0,16200.0,20293845,399149364160.0,0.0,0.0,0.0,0.0,0.0,온코닉테라퓨틱스,476060,2024-12-19
2024-12-18,8960.0,12650.0,14450.0,8920.0,38941640,466671320120.0,0.0,0.0,0.0,0.0,0.0,온코크로스,382150,2024-12-18
2024-12-19,8550.0,8600.0,10280.0,8160.0,15425625,142709475100.0,0.0,0.0,0.0,0.0,0.0,온코크로스,382150,2024-12-18
2023-07-20,10350.0,21600.0,22000.0,10070.0,27240638,382626921700.0,0.0,0.0,0.0,0.0,0.0,와이랩,432430,2023-07-20
2023-07-21,10050.0,10700.0,11250.0,9990.0,6392607,67494639450.0,0.0,0.0,0.0,0.0,0.0,와이랩,432430,2023-07-20
2023-12-05,12800.0,23450.0,23800.0,12800.0,39423112,770403096700.0,0.0,0.0,0.0,0.0,0.0,와이바이오로직스,338840,2023-12-05
2023-12-06,13990.0,15180.0,16280.0,13170.0,8688860,129699241430.0,0.0,0.0,0.0,0.0,0.0,와이바이오로직스,338840,2023-12-05
2022-07-14,16450.0,18400.0,18600.0,16250.0,5116518,89090841300.0,0.0,0.0,0.0,0.0,0.0,와이씨켐,112290,2022-07-14
2022-07-15,15700.0,17000.0,17100.0,15450.0,1805598,29295663850.0,0.0,0.0,0.0,0.0,0.0,와이씨켐,112290,2022-07-14
2024-01-24,21200.0,21200.0,21200.0,21200.0,465647,9871716400.0,0.0,0.0,0.0,0.0,0.0,우진엔텍,457550,2024-01-24
2024-01-25,27550.0,27550.0,27550.0,27550.0,176226,4855019950.0,0.0,0.0,0.0,0.0,0.0,우진엔텍,457550,2024-01-24
2023-10-26,8650.0,10270.0,12850.0,8300.0,39245052,413749338790.0,0.0,0.0,0.0,0.0,0.0,워트 주식회사,396470,2023-10-26
2023-10-27,8860.0,9000.0,10800.0,8610.0,16095502,156964433120.0,0.0,0.0,0.0,0.0,0.0,워트 주식회사,396470,2023-10-26
2022-06-23,11000.0,14600.0,15700.0,10300.0,10132269,134583529950.0,0.0,0.0,0.0,0.0,0.0,위니아에이드,377460,2022-06-23
2022-06-24,10950.0,11100.0,11500.0,10200.0,2261936,24340592100.0,0.0,0.0,0.0,0.0,0.0,위니아에이드,377460,2022-06-23
2024-11-20,14690.0,6780.0,23850.0,6500.0,123710964,1809393541850.0,0.0,0.0,0.0,0.0,0.0,위츠,459100,2024-11-20
2024-11-21,15080.0,15700.0,18200.0,14250.0,35672155,585091505280.0,0.0,0.0,0.0,0.0,0.0,위츠,459100,2024-11-20
2024-11-20,1368.0,1500.0,1649.0,1368.0,59126011,88300757814.0,0.0,0.0,0.0,0.0,0.0,유디엠텍,389680,2024-11-20
2024-11-21,1241.0,1392.0,1400.0,1218.0,13525325,17752924823.0,0.0,0.0,0.0,0.0,0.0,유디엠텍,389680,2024-11-20
2022-10-06,2065.0,2050.0,2075.0,2045.0,1791629,3678466320.0,0.0,0.0,0.0,0.0,0.0,유안타제10호기업인수목적,435380,2022-10-06
2022-10-07,2065.0,2070.0,2070.0,2060.0,118333,244210610.0,0.0,0.0,0.0,0.0,0.0,유안타제10호기업인수목적,435380,2022-10-06
2023-07-27,2175.0,3755.0,5870.0,2140.0,114901259,499424113825.0,0.0,0.0,0.0,0.0,0.0,유안타제14호기업인수목적,450940,2023-07-27
2023-07-28,2070.0,2135.0,2220.0,2060.0,4127529,8634518915.0,0.0,0.0,0.0,0.0,0.0,유안타제14호기업인수목적,450940,2023-07-27
2024-05-02,2005.0,3115.0,3300.0,2000.0,23501110,58067505275.0,0.0,0.0,0.0,0.0,0.0,유안타제16호기업인수목적,474490,2024-05-02
2024-05-03,2015.0,2005.0,2020.0,2000.0,966501,1939708595.0,0.0,0.0,0.0,0.0,0.0,유안타제16호기업인수목적,474490,2024-05-02
2022-08-04,2090.0,2090.0,2095.0,2085.0,1680664,3511249740.0,0.0,0.0,0.0,0.0,0.0,유안타제9호기업인수목적,430700,2022-08-04
2022-08-05,2095.0,2090.0,2100.0,2085.0,118000,246901535.0,0.0,0.0,0.0,0.0,0.0,유안타제9호기업인수목적,430700,2022-08-04
2024-10-31,2015.0,2455.0,2535.0,2005.0,19937242,44440792560.0,0.0,0.0,0.0,0.0,0.0,유진기업인수목적11호,488060,2024-10-31
2024-11-01,2020.0,2010.0,2025.0,2005.0,502282,1011063410.0,0.0,0.0,0.0,0.0,0.0,유진기업인수목적11호,488060,2024-10-31
2022-12-01,1985.0,2000.0,2000.0,1985.0,732510,1460152480.0,0.0,0.0,0.0,0.0,0.0,유진기업인수목적9호,442130,2022-12-01
2022-12-02,2000.0,1990.0,2005.0,1990.0,131428,262435300.0,0.0,0.0,0.0,0.0,0.0,유진기업인수목적9호,442130,2022-12-01
2023-11-02,21200.0,24550.0,25450.0,20350.0,6397266,146826603100.0,0.0,0.0,0.0,0.0,0.0,유진테크놀로지,240600,2023-11-02
2023-11-03,19670.0,21200.0,22000.0,19500.0,1742424,35504349670.0,0.0,0.0,0.0,0.0,0.0,유진테크놀로지,240600,2023-11-02
2023-11-02,8550.0,6000.0,10730.0,5690.0,39673567,351608038190.0,0.0,0.0,0.0,0.0,0.0,유투바이오,221800,2023-11-02
2023-11-03,10290.0,9300.0,10950.0,9300.0,18955106,192733763580.0,0.0,0.0,0.0,0.0,0.0,유투바이오,221800,2023-11-02
2022-11-14,40450.0,44100.0,45400.0,39250.0,1529386,63793401150.0,0.0,0.0,0.0,0.0,0.0,윤성에프앤씨,372170,2022-11-14
2022-11-15,41800.0,40500.0,46500.0,39650.0,1580133,68002032300.0,0.0,0.0,0.0,0.0,0.0,윤성에프앤씨,372170,2022-11-14
2024-07-02,34450.0,43900.0,46050.0,33750.0,10671394,431182027100.0,0.0,0.0,0.0,0.0,0.0,이노스페이스,462350,2024-07-02
2024-07-03,31150.0,34250.0,34450.0,30400.0,2059405,65050547150.0,0.0,0.0,0.0,0.0,0.0,이노스페이스,462350,2024-07-02
2023-07-06,35000.0,44850.0,45000.0,30250.0,15938949,608855576700.0,0.0,0.0,0.0,0.0,0.0,이노시뮬레이션,274400,2023-07-06
2023-07-07,32400.0,34400.0,35700.0,31050.0,3291976,107065194700.0,0.0,0.0,0.0,0.0,0.0,이노시뮬레이션,274400,2023-07-06
2023-02-20,7800.0,6000.0,7800.0,6000.0,3343909,26031259800.0,0.0,0.0,0.0,0.0,0.0,이노진,344860,2023-02-20
2023-02-21,6610.0,8200.0,8250.0,6390.0,9785766,72938539750.0,0.0,0.0,0.0,0.0,0.0,이노진,344860,2023-02-20
2024-02-01,37100.0,46550.0,51700.0,36650.0,17876835,794246655600.0,0.0,0.0,0.0,0.0,0.0,이닉스,452400,2024-02-01
2024-02-02,33900.0,42500.0,43300.0,33500.0,3565882,137654929000.0,0.0,0.0,0.0,0.0,0.0,이닉스,452400,2024-02-01
2022-11-22,14950.0,12750.0,15900.0,11950.0,17210873,245730518400.0,0.0,0.0,0.0,0.0,0.0,인벤티지랩,389470,2022-11-22
2022-11-23,14300.0,15400.0,16300.0,13900.0,3413415,49862682100.0,0.0,0.0,0.0,0.0,0.0,인벤티지랩,389470,2022-11-22
2023-09-25,51500.0,36100.0,69900.0,33050.0,16094701,787173270200.0,0.0,0.0,0.0,0.0,0.0,인스웨이브시스템즈,450520,2023-09-25
2023-09-26,49100.0,58500.0,64300.0,49100.0,4818453,279086293050.0,0.0,0.0,0.0,0.0,0.0,인스웨이브시스템즈,450520,2023-09-25
2023-03-07,42700.0,44000.0,57200.0,42600.0,1976759,95060127200.0,0.0,0.0,0.0,0.0,0.0,자람테크놀로지,389020,2023-03-07
2023-03-08,41000.0,41700.0,44400.0,39750.0,514366,21680412400.0,0.0,0.0,0.0,0.0,0.0,자람테크놀로지,389020,2023-03-07
2023-02-16,21500.0,19900.0,24750.0,19300.0,16938119,380192998950.0,0.0,0.0,0.0,0.0,0.0,제이오,418550,2023-02-16
2023-02-17,22050.0,20900.0,23800.0,20350.0,4556283,102236314650.0,0.0,0.0,0.0,0.0,0.0,제이오,418550,2023-02-16
2024-03-25,26000.0,32850.0,36850.0,26000.0,5608023,169080543500.0,0.0,0.0,0.0,0.0,0.0,제이투케이바이오,420570,2024-03-25
2024-03-26,20450.0,24800.0,24850.0,19930.0,1871831,41362623560.0,0.0,0.0,0.0,0.0,0.0,제이투케이바이오,420570,2024-03-25
2023-06-15,5850.0,4500.0,5850.0,4500.0,31257591,171386884240.0,0.0,0.0,0.0,0.0,0.0,주식회사 큐라티스,348080,2023-06-15
2023-06-16,5300.0,6590.0,6690.0,5220.0,28195201,171525775590.0,0.0,0.0,0.0,0.0,0.0,주식회사 큐라티스,348080,2023-06-15
2023-03-30,20250.0,18950.0,23800.0,18320.0,20225132,431155320030.0,0.0,0.0,0.0,0.0,0.0,지아이이노베이션,358570,2023-03-30
2023-03-31,18340.0,20300.0,22100.0,18280.0,6360024,130634676500.0,0.0,0.0,0.0,0.0,0.0,지아이이노베이션,358570,2023-03-30
2023-06-01,8680.0,10000.0,13000.0,8520.0,15151945,150907614350.0,0.0,0.0,0.0,0.0,0.0,진영,285800,2023-06-01
2023-06-02,8200.0,8680.0,8880.0,8070.0,2130146,17809950590.0,0.0,0.0,0.0,0.0,0.0,진영,285800,2023-06-01
2023-11-15,9180.0,7000.0,9700.0,6500.0,62175989,532800155100.0,0.0,0.0,0.0,0.0,0.0,캡스톤파트너스,452300,2023-11-15
2023-11-16,10020.0,9630.0,11220.0,9510.0,32497763,338358464690.0,0.0,0.0,0.0,0.0,0.0,캡스톤파트너스,452300,2023-11-15
2023-11-09,15920.0,19700.0,21050.0,15360.0,5247794,92918979790.0,0.0,0.0,0.0,0.0,0.0,컨텍,451760,2023-11-09
2023-11-10,18420.0,15570.0,19640.0,15400.0,15600869,284827935500.0,0.0,0.0,0.0,0.0,0.0,컨텍,451760,2023-11-09
2022-06-23,2100.0,2100.0,2125.0,2100.0,2152275,4525074155.0,0.0,0.0,0.0,0.0,0.0,케이비제21호기업인수목적,424140,2022-06-23
2022-06-24,2100.0,2100.0,2110.0,2095.0,214638,450193820.0,0.0,0.0,0.0,0.0,0.0,케이비제21호기업인수목적,424140,2022-06-23
2023-08-10,2035.0,3200.0,4475.0,2025.0,57426920,180221767230.0,0.0,0.0,0.0,0.0,0.0,케이비제26호기업인수목적,458320,2023-08-10
2023-08-11,2020.0,2050.0,2050.0,2015.0,2537341,5134307430.0,0.0,0.0,0.0,0.0,0.0,케이비제26호기업인수목적,458320,2023-08-10
2024-09-25,2005.0,2840.0,3085.0,2000.0,50746083,131855398900.0,0.0,0.0,0.0,0.0,0.0,케이비제30호기업인수목적,486630,2024-09-25
2024-09-26,2000.0,2005.0,2010.0,1996.0,1532743,3066191854.0,0.0,0.0,0.0,0.0,0.0,케이비제30호기업인수목적,486630,2024-09-25
2024-12-12,1912.0,2900.0,3100.0,1907.0,33969512,82522183848.0,0.0,0.0,0.0,0.0,0.0,케이비제31호기업인수목적,492220,2024-12-12
2024-12-13,1911.0,1913.0,1915.0,1906.0,950134,1814472810.0,0.0,0.0,0.0,0.0,0.0,케이비제31호기업인수목적,492220,2024-12-12
2024-08-20,10550.0,15800.0,15950.0,10550.0,10174658,136970442320.0,0.0,0.0,0.0,0.0,0.0,케이쓰리아이,431190,2024-08-20
2024-08-21,9780.0,10390.0,10550.0,9530.0,3230139,32180061230.0,0.0,0.0,0.0,0.0,0.0,케이쓰리아이,431190,2024-08-20
2024-03-07,27050.0,37000.0,38300.0,22800.0,21458933,624641822700.0,0.0,0.0,0.0,0.0,0.0,케이엔알시스템,199430,2024-03-07
2024-03-08,26100.0,25200.0,29500.0,24550.0,7351183,195500983800.0,0.0,0.0,0.0,0.0,0.0,케이엔알시스템,199430,2024-03-07
2023-12-06,92000.0,71000.0,92000.0,58400.0,10244898,771349122800.0,0.0,0.0,0.0,0.0,0.0,케이엔에스,432470,2023-12-06
2023-12-07,108700.0,109200.0,119600.0,104500.0,3681756,413650144300.0,0.0,0.0,0.0,0.0,0.0,케이엔에스,432470,2023-12-06
2024-02-22,16600.0,19920.0,23000.0,16600.0,27899940,569550786070.0,0.0,0.0,0.0,0.0,0.0,케이웨더,068100,2024-02-22
2024-02-23,12020.0,15250.0,15450.0,11750.0,6065912,81617224220.0,0.0,0.0,0.0,0.0,0.0,케이웨더,068100,2024-02-22
2022-07-07,30600.0,35300.0,36300.0,30150.0,4170191,136975411100.0,0.0,0.0,0.0,0.0,0.0,코난테크놀로지,402030,2022-07-07
2022-07-08,35500.0,30650.0,38950.0,30250.0,6724335,236561521000.0,0.0,0.0,0.0,0.0,0.0,코난테크놀로지,402030,2022-07-07
2023-09-18,35000.0,46000.0,46000.0,33750.0,3815576,147543715500.0,0.0,0.0,0.0,0.0,0.0,코어라인소프트,384470,2023-09-18
2023-09-19,39400.0,35900.0,40400.0,34450.0,6710466,258178659050.0,0.0,0.0,0.0,0.0,0.0,코어라인소프트,384470,2023-09-18
2023-08-10,20400.0,25000.0,29400.0,20050.0,8664797,220548690140.0,0.0,0.0,0.0,0.0,0.0,코츠테크놀로지,448710,2023-08-10
2023-08-11,25300.0,20100.0,26400.0,18660.0,4832609,118366090200.0,0.0,0.0,0.0,0.0,0.0,코츠테크놀로지,448710,2023-08-10
2024-05-07,28450.0,33000.0,33800.0,28050.0,8650258,262845224600.0,0.0,0.0,0.0,0.0,0.0,코칩,126730,2024-05-07
2024-05-08,25050.0,26800.0,26850.0,24150.0,1697735,42851312900.0,0.0,0.0,0.0,0.0,0.0,코칩,126730,2024-05-07
2023-11-09,21700.0,22550.0,24700.0,18200.0,7236019,156319146840.0,0.0,0.0,0.0,0.0,0.0,큐로셀,372320,2023-11-09
2023-11-10,28200.0,20600.0,28200.0,20250.0,3373067,85763504550.0,0.0,0.0,0.0,0.0,0.0,큐로셀,372320,2023-11-09
2023-08-10,17330.0,13000.0,29700.0,12420.0,23583667,516380281410.0,0.0,0.0,0.0,0.0,0.0,큐리옥스바이오시스템즈,445680,2023-08-10
2023-08-11,22500.0,16400.0,22500.0,16000.0,6394020,128292960430.0,0.0,0.0,0.0,0.0,0.0,큐리옥스바이오시스템즈,445680,2023-08-10
2022-11-02,38350.0,43000.0,44950.0,37550.0,1730858,71504741100.0,0.0,0.0,0.0,0.0,0.0,큐알티,405100,2022-11-02
2022-11-03,38250.0,37500.0,39950.0,36950.0,419640,16231196000.0,0.0,0.0,0.0,0.0,0.0,큐알티,405100,2022-11-02
2023-08-31,47150.0,46000.0,47150.0,45000.0,1723454,80803232000.0,0.0,0.0,0.0,0.0,0.0,크라우드웍스,355390,2023-08-31
2023-09-01,61200.0,53200.0,61200.0,50000.0,1817874,102895320400.0,0.0,0.0,0.0,0.0,0.0,크라우드웍스,355390,2023-08-31
2024-10-28,10070.0,12500.0,12700.0,9990.0,23954981,258733035890.0,0.0,0.0,0.0,0.0,0.0,클로봇,466100,2024-10-28
2024-10-29,9670.0,10420.0,11350.0,9620.0,13312125,139489819950.0,0.0,0.0,0.0,0.0,0.0,클로봇,466100,2024-10-28
2024-12-11,1954.0,3700.0,4050.0,1954.0,64643960,199516166759.0,0.0,0.0,0.0,0.0,0.0,키움제11호기업인수목적,489480,2024-12-11
2024-12-12,1933.0,1950.0,1952.0,1926.0,1847470,3578352278.0,0.0,0.0,0.0,0.0,0.0,키움제11호기업인수목적,489480,2024-12-11
2022-09-07,2120.0,2110.0,2170.0,2110.0,2400241,5080108310.0,0.0,0.0,0.0,0.0,0.0,키움제7호기업인수목적,433530,2022-09-07
2022-09-08,2135.0,2115.0,2140.0,2110.0,201154,427604630.0,0.0,0.0,0.0,0.0,0.0,키움제7호기업인수목적,433530,2022-09-07
2023-05-17,2070.0,2050.0,2075.0,2050.0,1215504,2503226745.0,0.0,0.0,0.0,0.0,0.0,키움제8호기업인수목적,446840,2023-05-17
2023-05-18,2085.0,2080.0,2100.0,2080.0,89409,187089185.0,0.0,0.0,0.0,0.0,0.0,키움제8호기업인수목적,446840,2023-05-17
2022-10-18,37000.0,33500.0,42500.0,33400.0,8823975,338879503050.0,0.0,0.0,0.0,0.0,0.0,탑머티리얼,360070,2022-10-18
2022-10-19,38350.0,36450.0,38350.0,34850.0,1717112,62528583000.0,0.0,0.0,0.0,0.0,0.0,탑머티리얼,360070,2022-10-18
2023-04-27,14650.0,18100.0,18400.0,14190.0,1481979,23573950980.0,0.0,0.0,0.0,0.0,0.0,토마토시스템,393210,2023-04-27
2023-04-28,14070.0,14800.0,14810.0,13100.0,438016,6081691980.0,0.0,0.0,0.0,0.0,0.0,토마토시스템,393210,2023-04-27
2024-11-07,10070.0,12250.0,13990.0,10050.0,17658100,207983467730.0,0.0,0.0,0.0,0.0,0.0,토모큐브,475960,2024-11-07
2024-11-08,12120.0,10600.0,13000.0,9930.0,16824538,196826651920.0,0.0,0.0,0.0,0.0,0.0,토모큐브,475960,2024-11-07
2023-05-17,17200.0,19340.0,20750.0,17200.0,13817804,268751063970.0,0.0,0.0,0.0,0.0,0.0,트루엔,417790,2023-05-17
2023-05-18,17310.0,17320.0,18020.0,16570.0,4646651,81045398200.0,0.0,0.0,0.0,0.0,0.0,트루엔,417790,2023-05-17
2024-08-21,52000.0,27000.0,52000.0,27000.0,29969097,1222462943550.0,0.0,0.0,0.0,0.0,0.0,티디에스팜,464280,2024-08-21
2024-08-22,42350.0,55900.0,60700.0,40200.0,14586632,744941154550.0,0.0,0.0,0.0,0.0,0.0,티디에스팜,464280,2024-08-21
2022-11-17,2085.0,2445.0,2570.0,2050.0,56185989,127928303830.0,0.0,0.0,0.0,0.0,0.0,티쓰리엔터테인먼트,204610,2022-11-17
2022-11-18,2165.0,2155.0,2330.0,2075.0,38109069,84118979035.0,0.0,0.0,0.0,0.0,0.0,티쓰리엔터테인먼트,204610,2022-11-17
2022-11-17,9260.0,10000.0,10450.0,9070.0,3342762,32264127400.0,0.0,0.0,0.0,0.0,0.0,티에프이,425420,2022-11-17
2022-11-18,9060.0,9300.0,9410.0,9050.0,766692,7070403340.0,0.0,0.0,0.0,0.0,0.0,티에프이,425420,2022-11-17
2023-01-19,28100.0,27950.0,32900.0,26200.0,5376550,159234281350.0,0.0,0.0,0.0,0.0,0.0,티이엠씨,425040,2023-01-19
2023-01-20,29200.0,27700.0,30800.0,27600.0,2074140,61012549700.0,0.0,0.0,0.0,0.0,0.0,티이엠씨,425040,2023-01-19
2023-08-07,27600.0,26300.0,30500.0,25000.0,14432682,398028343300.0,0.0,0.0,0.0,0.0,0.0,파두,440110,2023-08-07
2023-08-08,28950.0,28650.0,30700.0,27750.0,8279407,243012368250.0,0.0,0.0,0.0,0.0,0.0,파두,440110,2023-08-07
2023-07-27,8730.0,12330.0,14000.0,8570.0,6929371,73113749550.0,0.0,0.0,0.0,0.0,0.0,파로스아이바이오,388870,2023-07-27
2023-07-28,11210.0,9150.0,11210.0,8590.0,7646785,77932152690.0,0.0,0.0,0.0,0.0,0.0,파로스아이바이오,388870,2023-07-27
2024-12-26,16000.0,25300.0,27000.0,15840.0,31854990,677592346800.0,0.0,0.0,0.0,0.0,0.0,파인메딕스,387570,2024-12-26
2024-12-27,14450.0,16570.0,19430.0,14450.0,9619784,172720785530.0,0.0,0.0,0.0,0.0,0.0,파인메딕스,387570,2024-12-26
2023-05-23,5990.0,5950.0,6290.0,5600.0,8373347,49415134020.0,0.0,0.0,0.0,0.0,0.0,팸텍,271830,2023-05-23
2023-05-24,6380.0,6070.0,6940.0,5830.0,19257959,122945073980.0,0.0,0.0,0.0,0.0,0.0,팸텍,271830,2023-05-23
2022-11-24,9210.0,9820.0,10550.0,9040.0,12138916,118136085940.0,0.0,0.0,0.0,0.0,0.0,펨트론,168360,2022-11-24
2022-11-25,8400.0,9130.0,9300.0,8280.0,1837643,15960938580.0,0.0,0.0,0.0,0.0,0.0,펨트론,168360,2022-11-24
2024-01-29,23350.0,47550.0,56300.0,23350.0,21341110,902353547250.0,0.0,0.0,0.0,0.0,0.0,포스뱅크,105760,2024-01-29
2024-01-30,28000.0,26000.0,30350.0,25850.0,8447879,242739484050.0,0.0,0.0,0.0,0.0,0.0,포스뱅크,105760,2024-01-29
2023-10-18,14460.0,15610.0,19800.0,14140.0,26659196,447891584040.0,0.0,0.0,0.0,0.0,0.0,퓨릿,445180,2023-10-18
2023-10-19,13660.0,14100.0,16950.0,12710.0,18094879,277398992500.0,0.0,0.0,0.0,0.0,0.0,퓨릿,445180,2023-10-18
2024-07-31,25050.0,30000.0,32750.0,25000.0,12107158,361841170800.0,0.0,0.0,0.0,0.0,0.0,피앤에스미캐닉스,460940,2024-07-31
2024-08-01,22050.0,24000.0,24100.0,20650.0,2885700,63668036250.0,0.0,0.0,0.0,0.0,0.0,피앤에스미캐닉스,460940,2024-07-31
2022-10-20,10850.0,15300.0,15750.0,10850.0,8865928,114828954950.0,0.0,0.0,0.0,0.0,0.0,핀텔,291810,2022-10-20
2022-10-21,11450.0,10550.0,12350.0,9840.0,9682935,110554117820.0,0.0,0.0,0.0,0.0,0.0,핀텔,291810,2022-10-20
2022-12-08,6050.0,5130.0,6050.0,5100.0,16914488,96783513150.0,0.0,0.0,0.0,0.0,0.0,핑거스토리,417180,2022-12-08
2022-12-09,7860.0,6600.0,7860.0,6510.0,33676286,245888460970.0,0.0,0.0,0.0,0.0,0.0,핑거스토리,417180,2022-12-08
2023-03-07,1999.0,2000.0,2000.0,1992.0,1536921,3070183224.0,0.0,0.0,0.0,0.0,0.0,하나26호기업인수목적,446750,2023-03-07
2023-03-08,1999.0,2000.0,2005.0,1991.0,379848,759388261.0,0.0,0.0,0.0,0.0,0.0,하나26호기업인수목적,446750,2023-03-07
2023-04-06,2005.0,2000.0,2005.0,1999.0,763435,1527391690.0,0.0,0.0,0.0,0.0,0.0,하나27호기업인수목적,448370,2023-04-06
2023-04-07,2010.0,2005.0,2015.0,2000.0,381811,767218885.0,0.0,0.0,0.0,0.0,0.0,하나27호기업인수목적,448370,2023-04-06
2023-08-10,2030.0,2800.0,3320.0,2010.0,47075462,123563561045.0,0.0,0.0,0.0,0.0,0.0,하나28호기업인수목적,454750,2023-08-10
2023-08-11,2020.0,2030.0,2035.0,2005.0,2585414,5208308140.0,0.0,0.0,0.0,0.0,0.0,하나28호기업인수목적,454750,2023-08-10
2023-06-28,2110.0,2115.0,2165.0,2110.0,3375850,7163429125.0,0.0,0.0,0.0,0.0,0.0,하나29호기업인수목적,454640,2023-06-28
2023-06-29,2115.0,2120.0,2130.0,2105.0,218827,461811565.0,0.0,0.0,0.0,0.0,0.0,하나29호기업인수목적,454640,2023-06-28
2024-03-05,2020.0,4065.0,4830.0,2015.0,76088727,258138016670.0,0.0,0.0,0.0,0.0,0.0,하나31호기업인수목적,469900,2024-03-05
2024-03-06,2040.0,2060.0,2070.0,2020.0,1341622,2726935175.0,0.0,0.0,0.0,0.0,0.0,하나31호기업인수목적,469900,2024-03-05
2024-03-27,2500.0,4875.0,7030.0,2500.0,90810532,505485246390.0,0.0,0.0,0.0,0.0,0.0,하나32호기업인수목적,475240,2024-03-27
2024-03-28,2285.0,2380.0,3215.0,2280.0,10107986,28001573805.0,0.0,0.0,0.0,0.0,0.0,하나32호기업인수목적,475240,2024-03-27
2024-04-24,2150.0,5100.0,5200.0,2150.0,48637389,173309127915.0,0.0,0.0,0.0,0.0,0.0,하나33호기업인수목적,475250,2024-04-24
2024-04-25,2140.0,2150.0,2150.0,2125.0,1125472,2402013790.0,0.0,0.0,0.0,0.0,0.0,하나33호기업인수목적,475250,2024-04-24
2024-11-19,1999.0,2155.0,2170.0,1996.0,7280825,14977010282.0,0.0,0.0,0.0,0.0,0.0,하나34호기업인수목적,484130,2024-11-19
2024-11-20,2000.0,2000.0,2005.0,1998.0,263735,527350784.0,0.0,0.0,0.0,0.0,0.0,하나34호기업인수목적,484130,2024-11-19
2022-10-20,9760.0,9900.0,9970.0,9760.0,710693,6997312710.0,0.0,0.0,0.0,0.0,0.0,하나금융25호기업인수목적,435620,2022-10-20
2022-10-21,9770.0,9840.0,9840.0,9760.0,90937,890933820.0,0.0,0.0,0.0,0.0,0.0,하나금융25호기업인수목적,435620,2022-10-20
2024-07-03,17150.0,27600.0,29550.0,17150.0,19415919,446593366690.0,0.0,0.0,0.0,0.0,0.0,하스,450330,2024-07-03
2024-07-04,15680.0,16710.0,17910.0,15280.0,3252097,53988204850.0,0.0,0.0,0.0,0.0,0.0,하스,450330,2024-07-03
2023-06-22,2125.0,2095.0,2135.0,2090.0,2301454,4827768705.0,0.0,0.0,0.0,0.0,0.0,하이제8호기업인수목적,450050,2023-06-22
2023-06-23,2130.0,2130.0,2140.0,2120.0,265782,565835345.0,0.0,0.0,0.0,0.0,0.0,하이제8호기업인수목적,450050,2023-06-22
2024-06-27,15160.0,18000.0,21300.0,14550.0,48231291,892154362100.0,0.0,0.0,0.0,0.0,0.0,하이젠알앤엠,160190,2024-06-27
2024-06-28,15850.0,14490.0,18940.0,13780.0,24794150,422255593010.0,0.0,0.0,0.0,0.0,0.0,하이젠알앤엠,160190,2024-06-27
2023-08-30,2520.0,3465.0,4200.0,2515.0,54168694,185840003320.0,0.0,0.0,0.0,0.0,0.0,한국제12호기업인수목적,458610,2023-08-30
2023-08-31,2235.0,2370.0,2750.0,2130.0,8162138,19786587770.0,0.0,0.0,0.0,0.0,0.0,한국제12호기업인수목적,458610,2023-08-30
2023-11-13,1980.0,2530.0,2745.0,1978.0,22346680,49873026605.0,0.0,0.0,0.0,0.0,0.0,한국제13호기업인수목적,464440,2023-11-13
2023-11-14,1974.0,1982.0,1998.0,1966.0,1107208,2187144622.0,0.0,0.0,0.0,0.0,0.0,한국제13호기업인수목적,464440,2023-11-13
2024-06-19,2055.0,3150.0,3495.0,2045.0,42064145,114292157010.0,0.0,0.0,0.0,0.0,0.0,한국제14호기업인수목적,477530,2024-06-19
2024-06-20,2065.0,2060.0,2070.0,2050.0,956187,1965633515.0,0.0,0.0,0.0,0.0,0.0,한국제14호기업인수목적,477530,2024-06-19
2024-06-26,1983.0,3175.0,3275.0,1980.0,51316085,135030005267.0,0.0,0.0,0.0,0.0,0.0,한국제15호기업인수목적,479880,2024-06-26
2024-06-27,1992.0,1985.0,1994.0,1981.0,1101419,2186487233.0,0.0,0.0,0.0,0.0,0.0,한국제15호기업인수목적,479880,2024-06-26
2024-01-04,6330.0,6140.0,6330.0,6120.0,7223523,45430851970.0,0.0,0.0,0.0,0.0,0.0,한빛레이저,452190,2024-01-04
2024-01-05,7390.0,7480.0,8220.0,6390.0,57198487,430254303020.0,0.0,0.0,0.0,0.0,0.0,한빛레이저,452190,2024-01-04
2023-10-04,21500.0,37350.0,42000.0,21100.0,10136005,320585861450.0,0.0,0.0,0.0,0.0,0.0,한싹,430690,2023-10-04
2023-10-05,26450.0,20050.0,27700.0,18530.0,9912791,240757326900.0,0.0,0.0,0.0,0.0,0.0,한싹,430690,2023-10-04
2023-01-19,5340.0,4115.0,5340.0,4115.0,28242422,134732146655.0,0.0,0.0,0.0,0.0,0.0,한주라이트메탈,198940,2023-01-19
2023-01-20,6020.0,5850.0,6860.0,5700.0,32462461,201653034310.0,0.0,0.0,0.0,0.0,0.0,한주라이트메탈,198940,2023-01-19
2024-06-24,34000.0,45550.0,52000.0,33350.0,16092923,719861322450.0,0.0,0.0,0.0,0.0,0.0,한중엔시에스,107640,2024-06-24
2024-06-25,44200.0,36150.0,44200.0,36100.0,5678860,228157815000.0,0.0,0.0,0.0,0.0,0.0,한중엔시에스,107640,2024-06-24
2024-10-22,22800.0,32500.0,33300.0,22300.0,25616683,728187747350.0,0.0,0.0,0.0,0.0,0.0,한켐,457370,2024-10-22
2024-10-23,20350.0,22450.0,25250.0,19270.0,6847527,152673714620.0,0.0,0.0,0.0,0.0,0.0,한켐,457370,2024-10-22
2023-09-07,1998.0,2900.0,2955.0,1996.0,29456962,72923630127.0,0.0,0.0,0.0,0.0,0.0,한화플러스제4호기업인수목적,455310,2023-09-07
2023-09-08,1995.0,1999.0,2000.0,1990.0,1378880,2750540268.0,0.0,0.0,0.0,0.0,0.0,한화플러스제4호기업인수목적,455310,2023-09-07
