company_name,code,listing_date,ipo_price_confirmed,actual_day0_high,actual_day0_close,actual_day1_close,predicted_day0_high,predicted_day0_close,predicted_day1_close,error_day0_high,error_day0_close,error_day1_close,error_pct_day0_high,error_pct_day0_close,error_pct_day1_close,abs_error_day0_high,abs_error_day0_close,abs_error_day1_close
교보13호기업인수목적,440790,2022-11-02,100,2000.0,1975.0,1960.0,2040.4611111111112,2015.8361471861472,2004.8899722222227,40.46111111111122,40.83614718614717,44.889972222222696,2.0230555555555614,2.0676530220834013,2.2903047052154437,40.46111111111122,40.83614718614717,44.889972222222696
교보14호기업인수목적,456490,2023-07-06,100,7980.0,6810.0,5590.0,7975.670833333334,6110.28633116883,6025.746666666668,-4.329166666666424,-699.7136688311703,435.7466666666678,-0.054250208855468975,-10.274796899136126,7.79511031604057,4.329166666666424,699.7136688311703,435.7466666666678
교보15호기업인수목적,465320,2023-12-05,100,5190.0,1975.0,2005.0,5406.442148268398,2017.8638416305914,2021.5861388888886,216.44214826839834,42.86384163059142,16.586138888888627,4.170368945441201,2.170321095219819,0.827238847326116,216.44214826839834,42.86384163059142,16.586138888888627
교보16호기업인수목적,482520,2024-08-13,100,3380.0,2060.0,2060.0,4063.5670039682536,2049.494706349207,2045.1232936507938,683.5670039682536,-10.505293650793192,-14.876706349206188,20.223875857048924,-0.5099657112035529,-0.7221702111265139,683.5670039682536,10.505293650793192,14.876706349206188
교보17호기업인수목적,489210,2024-11-21,100,5380.0,2160.0,1998.0,5791.441962481963,2187.194809523809,2070.724162698412,411.44196248196295,27.194809523809,72.72416269841187,7.647620120482583,1.2590189594356018,3.639847982903497,411.44196248196295,27.194809523809,72.72416269841187
금양그린파워,282720,2023-03-13,500,19570.0,16200.0,21050.0,20117.849404761906,16302.390595238096,20156.469166666666,547.849404761906,102.39059523809556,-893.5308333333342,2.799434873591753,0.6320407113462689,-4.244802058590661,547.849404761906,102.39059523809556,893.5308333333342
기가비스,420770,2023-05-24,200,88500.0,79000.0,74600.0,70403.67099567098,57858.616269841266,54475.27063492063,-18096.329004329018,-21141.383730158734,-20124.729365079373,-20.44782938342262,-26.76124522804903,-26.976849014851705,18096.329004329018,21141.383730158734,20124.729365079373
꿈비,407400,2023-02-09,100,13000.0,13000.0,16900.0,17560.535436507933,17436.502857142852,20795.729444444445,4560.535436507933,4436.502857142852,3895.729444444445,35.08104181929179,34.12694505494502,23.05165351742275,4560.535436507933,4436.502857142852,3895.729444444445
넥스트바이오메디컬,389650,2024-08-20,500,29550.0,23700.0,23700.0,31186.305357142865,23730.456825396825,23240.352420634918,1636.3053571428645,30.45682539682457,-459.6475793650825,5.5374123761179845,0.12850981180094756,-1.9394412631438078,1636.3053571428645,30.45682539682457,459.6475793650825
노머스,473980,2024-11-12,500,22400.0,19400.0,18290.0,22309.046309523812,18511.70071428572,18382.484761904765,-90.95369047618806,-888.2992857142817,92.48476190476504,-0.4060432610544109,-4.578862297496297,0.5056575281835157,90.95369047618806,888.2992857142817,92.48476190476504
노브랜드,145170,2024-05-23,500,55500.0,54300.0,52700.0,55188.92555555554,48668.015238095235,47547.06424603175,-311.0744444444572,-5631.984761904765,-5152.935753968253,-0.5604944944945175,-10.371979303692017,-9.777866705822111,311.0744444444572,5631.984761904765,5152.935753968253
농업회사법인 우듬지팜,403490,2023-09-19,100,3350.0,3100.0,3550.0,5023.879246031745,5907.242222222224,6773.850198412697,1673.8792460317454,2807.242222222224,3223.850198412697,49.966544657664045,90.55620071684594,90.81268164542809,1673.8792460317454,2807.242222222224,3223.850198412697
다원넥스뷰,323350,2024-06-11,100,15490.0,11000.0,10050.0,19485.63515873015,14122.638849206349,12658.060248917744,3995.6351587301506,3122.638849206349,2608.0602489177436,25.794933239058427,28.387625901875897,25.950848247937746,3995.6351587301506,3122.638849206349,2608.0602489177436
닷밀,464580,2024-11-13,500,11950.0,8610.0,7680.0,13915.578869047617,10195.122063492065,9115.576547619045,1965.5788690476165,1585.1220634920646,1435.5765476190445,16.448358736800138,18.41024463986138,18.692402963789643,1965.5788690476165,1585.1220634920646,1435.5765476190445
대성하이텍,129920,2022-08-22,100,15450.0,14600.0,14950.0,18070.397301587305,15896.384051226547,15080.757878787881,2620.3973015873053,1296.384051226547,130.75787878788105,16.960500333898416,8.879342816620186,0.8746346407216123,2620.3973015873053,1296.384051226547,130.75787878788105
대신밸런스제14호기업인수목적,442310,2022-12-05,100,1995.0,1995.0,2000.0,2365.9894246031745,2459.2331269841266,2834.769984126984,370.9894246031745,464.23312698412656,834.7699841269841,18.5959611329912,23.269830926522634,41.7384992063492,370.9894246031745,464.23312698412656,834.7699841269841
대신밸런스제15호기업인수목적,457390,2023-08-30,100,3045.0,2035.0,2015.0,4287.227011183261,2092.4737420634915,2023.4095119047622,1242.2270111832613,57.4737420634915,8.409511904762212,40.79563255117443,2.8242625092624816,0.4173455039584224,1242.2270111832613,57.4737420634915,8.409511904762212
대신밸런스제16호기업인수목적,457630,2023-09-04,100,2870.0,2005.0,2025.0,2952.803392857142,1982.0224527417024,1991.475393217893,82.80339285714217,-22.97754725829759,-33.52460678210696,2.8851356396216783,-1.1460123320846678,-1.655536137387998,82.80339285714217,22.97754725829759,33.52460678210696
대신밸런스제17호기업인수목적,471050,2024-01-24,100,6500.0,2140.0,2095.0,5335.4148502886,2175.4375714285716,2062.45857936508,-1164.5851497114,35.43757142857157,-32.54142063492009,-17.916694610944614,1.655961281708952,-1.553289767776615,1164.5851497114,35.43757142857157,32.54142063492009
대신밸런스제18호기업인수목적,478780,2024-08-22,100,3120.0,2025.0,2040.0,3219.8913582251075,2008.6615039682538,2021.639527777778,99.89135822510752,-16.338496031746217,-18.360472222221915,3.2016460969585743,-0.8068393102096897,-0.9000231481481331,99.89135822510752,16.338496031746217,18.360472222221915
대신밸런스제19호기업인수목적,482690,2024-11-20,100,2000.0,1993.0,1997.0,2042.9058928571433,1986.4243809523812,1986.136365079364,42.90589285714327,-6.575619047618829,-10.86363492063606,2.1452946428571638,-0.3299357274269357,-0.5439977426457716,42.90589285714327,6.575619047618829,10.86363492063606
드림인사이트,362990,2024-01-25,100,7600.0,7600.0,5390.0,10334.683899711403,9294.250892857142,9162.253432539685,2734.683899711403,1694.2508928571424,3772.2534325396846,35.98268289093951,22.29277490601503,69.9861490267103,2734.683899711403,1694.2508928571424,3772.2534325396846
디비금융제11호기업인수목적,456440,2023-07-12,100,6860.0,4435.0,3300.0,6205.6248611111105,4021.260119047618,3629.225873015875,-654.3751388888895,-413.739880952382,329.2258730158751,-9.53899619371559,-9.328971385623044,9.97654160654167,654.3751388888895,413.739880952382,329.2258730158751
디비금융제12호기업인수목적,477760,2024-06-18,100,5350.0,2065.0,2050.0,5187.4231042568545,2057.291456349207,2049.1791150793656,-162.57689574314554,-7.708543650793217,-0.8208849206343984,-3.0388204811802906,-0.3732950920480977,-0.04004316686021456,162.57689574314554,7.708543650793217,0.8208849206343984
디비금융제13호기업인수목적,489730,2024-11-28,100,4500.0,1990.0,1967.0,4699.629880952381,2020.9786230158725,1954.3526190476186,199.62988095238143,30.978623015872472,-12.647380952381354,4.436219576719587,1.556714724415702,-0.6429781877163881,199.62988095238143,30.978623015872472,12.647380952381354
디앤디파마텍,347850,2024-05-02,500,53900.0,36500.0,40500.0,42729.241388888884,33945.2972150072,33343.94819624821,-11170.758611111116,-2554.702784992798,-7156.05180375179,-20.724969593898173,-6.999185712309036,-17.669263712967386,11170.758611111116,2554.702784992798,7156.05180375179
라메디텍,462510,2024-06-17,500,56000.0,24550.0,22700.0,54288.560238095226,28597.73476190476,25051.534166666665,-1711.439761904774,4047.7347619047614,2351.5341666666645,-3.0561424319728108,16.487717971098824,10.359181350954469,1711.439761904774,4047.7347619047614,2351.5341666666645
라온텍,418420,2023-03-09,100,6670.0,5420.0,5860.0,7331.8101298701295,6100.567689393941,6432.792500000001,661.8101298701295,680.5676893939408,572.7925000000014,9.92219085262563,12.55659943531256,9.774616040955655,661.8101298701295,680.5676893939408,572.7925000000014
레이저옵텍,199550,2024-02-01,500,20350.0,17250.0,14100.0,23126.71785714286,16305.556435786435,16580.035396825395,2776.7178571428594,-944.443564213565,2480.035396825395,13.644805194805206,-5.475035154861247,17.58890352358436,2776.7178571428594,944.443564213565,2480.035396825395
루닛,328130,2022-07-21,500,40000.0,40000.0,40400.0,42612.200198412706,40537.46562770563,39488.42388888889,2612.2001984127055,537.4656277056274,-911.5761111111133,6.530500496031763,1.3436640692640687,-2.2563765126512707,2612.2001984127055,537.4656277056274,911.5761111111133
루미르,474170,2024-10-21,500,19180.0,14910.0,12560.0,24634.536352813855,17149.100476190477,19515.609880952383,5454.536352813855,2239.100476190477,6955.609880952383,28.438667115817807,15.017441154865708,55.37905956172279,5454.536352813855,2239.100476190477,6955.609880952383
마녀공장,439090,2023-06-08,100,41600.0,41600.0,46900.0,33407.26825396824,34950.71559523809,38712.762590187594,-8192.731746031757,-6649.284404761907,-8187.2374098124055,-19.694066697191722,-15.983856742216124,-17.45679618296888,8192.731746031757,6649.284404761907,8187.2374098124055
마이크로투나노,424980,2023-04-26,500,30500.0,20650.0,21000.0,35624.84992063492,23699.433593073594,23007.480573593075,5124.8499206349225,3049.4335930735942,2007.480573593075,16.80278662503253,14.767232896240165,9.559431302824166,5124.8499206349225,3049.4335930735942,2007.480573593075
메가터치,446540,2023-11-09,500,7950.0,5590.0,5180.0,10182.017202380952,7178.666318542569,6926.849525613277,2232.017202380952,1588.6663185425687,1746.8495256132774,28.075688080263543,28.419791029384058,33.722963814928136,2232.017202380952,1588.6663185425687,1746.8495256132774
미래에셋드림기업인수목적1호 주식회사,442900,2023-03-15,500,9680.0,9410.0,9510.0,11515.610654761904,10355.500047619049,10357.319642857146,1835.6106547619038,945.5000476190489,847.3196428571464,18.96291998720975,10.047821972572251,8.909775424365368,1835.6106547619038,945.5000476190489,847.3196428571464
미래에셋비전기업인수목적4호,477380,2024-05-29,100,7080.0,2255.0,2410.0,10858.959007936512,4531.1615079365065,4562.8714285714295,3778.9590079365116,2276.1615079365065,2152.8714285714295,53.37512723074169,100.93842607257235,89.33076467101367,3778.9590079365116,2276.1615079365065,2152.8714285714295
미래에셋비전기업인수목적5호,477470,2024-06-19,100,5060.0,2060.0,2040.0,5203.120514069264,2089.279246031746,2053.5602063492065,143.12051406926366,29.27924603174597,13.56020634920651,2.8284686574953293,1.4213226229002898,0.664715997510123,143.12051406926366,29.27924603174597,13.56020634920651
미래에셋비전기업인수목적6호,478440,2024-06-24,100,3815.0,1977.0,1989.0,4054.75619047619,1993.5927420634919,2008.3174126984127,239.7561904761901,16.59274206349187,19.31741269841268,6.28456593646632,0.8392889258215411,0.9712123025848507,239.7561904761901,16.59274206349187,19.31741269841268
미래에셋비전기업인수목적7호,482680,2024-09-11,100,3225.0,1984.0,1989.0,3321.0279166666664,1984.6267023809517,1987.9541468253965,96.02791666666644,0.6267023809516559,-1.0458531746035078,2.9776098191214397,0.03158782162054717,-0.05258185895442472,96.02791666666644,0.6267023809516559,1.0458531746035078
바이오인프라,199730,2023-03-02,500,54600.0,29400.0,28700.0,51346.43996031745,29621.22404761905,27113.853354978357,-3253.5600396825466,221.2240476190491,-1586.146645021643,-5.958901171579756,0.7524627470035683,-5.526643362444749,3253.5600396825466,221.2240476190491,1586.146645021643
뱅크웨어글로벌,199480,2024-08-12,500,19800.0,15750.0,12800.0,20956.023971861472,15263.29163059163,14100.92639249639,1156.023971861472,-486.70836940837034,1300.9263924963907,5.838504908391274,-3.090211869259494,10.163487441378052,1156.023971861472,486.70836940837034,1300.9263924963907
버넥트,438700,2023-07-26,500,24800.0,11700.0,10870.0,27838.82142857143,13148.576746031744,12394.319563492063,3038.821428571431,1448.5767460317438,1524.319563492063,12.253312211981578,12.380997829331143,14.023179056964702,3038.821428571431,1448.5767460317438,1524.319563492063
벡트,457600,2024-12-16,100,10640.0,7730.0,6300.0,13197.127023809524,9340.128553391054,9077.722579365081,2557.127023809524,1610.128553391054,2777.7225793650814,24.03314872001432,20.82960612407573,44.09083459309653,2557.127023809524,1610.128553391054,2777.7225793650814
뷰티스킨,406820,2023-07-24,500,69200.0,32600.0,26400.0,63014.10138888889,36442.78829365079,28465.24906926407,-6185.898611111108,3842.7882936507885,2065.2490692640713,-8.939159842646111,11.787694152303033,7.822913141151785,6185.898611111108,3842.7882936507885,2065.2490692640713
블루엠텍,439580,2023-12-13,100,75900.0,51000.0,35700.0,63174.81182539682,44353.01773088023,33809.68630952381,-12725.18817460318,-6646.98226911977,-1890.3136904761923,-16.765728820294044,-13.033298566901507,-5.294996331866085,12725.18817460318,6646.98226911977,1890.3136904761923
비스토스,419540,2022-10-18,100,3870.0,3870.0,3240.0,10585.737729076478,7682.753095238095,7326.311964285716,6715.737729076478,3812.753095238095,4086.3119642857164,173.53327465313896,98.52075181493785,126.12073963844803,6715.737729076478,3812.753095238095,4086.3119642857164
비아이매트릭스,413640,2023-11-09,500,17400.0,11660.0,11800.0,19763.75595238095,14593.186554834056,14024.580198412701,2363.7559523809505,2933.1865548340556,2224.580198412701,13.584804324028452,25.155973883653992,18.852374562819502,2363.7559523809505,2933.1865548340556,2224.580198412701
비엔케이제1호기업인수목적,445360,2022-12-22,100,2000.0,1985.0,1975.0,2323.433472222223,2482.225412698413,2836.117781746031,323.4334722222229,497.22541269841304,861.1177817460311,16.171673611111146,25.049139178761365,43.6009003415712,323.4334722222229,497.22541269841304,861.1177817460311
비엔케이제2호기업인수목적,473370,2024-03-05,100,4550.0,2005.0,2010.0,4414.482460317461,2046.5599484126992,2054.1641150793653,-135.51753968253888,41.559948412699214,44.164115079365274,-2.978407465550305,2.072815382179512,2.1972196556898145,135.51753968253888,41.559948412699214,44.164115079365274
비큐에이아이,148780,2022-06-20,500,11300.0,9050.0,8270.0,14761.328134920637,12148.587698412695,11947.704058441555,3461.3281349206372,3098.5876984126953,3677.7040584415554,30.63122243292599,34.23853810400768,44.47042392311433,3461.3281349206372,3098.5876984126953,3677.7040584415554
빅토리콘텐츠,210120,2023-08-17,500,45700.0,26350.0,23300.0,46901.71944444444,30972.227261904765,26318.007045454546,1201.7194444444394,4622.227261904765,3018.0070454545457,2.629583029418905,17.541659437968747,12.952819937573157,1201.7194444444394,4622.227261904765,3018.0070454545457
삐아,451250,2024-04-25,500,23850.0,17000.0,14180.0,24699.7171031746,16953.25417388167,15005.683354978351,849.7171031746002,-46.745826118331024,825.6833549783514,3.562755149579037,-0.27497544775488836,5.822872743147753,849.7171031746002,46.745826118331024,825.6833549783514
사이냅소프트,466410,2024-11-19,500,23200.0,18490.0,17150.0,33492.491269841266,24603.881230158728,20988.50820707071,10292.491269841266,6113.881230158728,3838.5082070707103,44.364186507936495,33.065880098208375,22.38197205289044,10292.491269841266,6113.881230158728,3838.5082070707103
사피엔반도체,452430,2024-02-19,100,47750.0,47750.0,48600.0,42823.46503968254,41043.45988095238,42965.13880230879,-4926.534960317462,-6706.540119047619,-5634.861197691207,-10.317350702235522,-14.045110196958364,-11.594364604302895,4926.534960317462,6706.540119047619,5634.861197691207
산돌,419120,2022-10-27,500,24650.0,20850.0,19500.0,26267.69107142857,21124.260595238098,19162.166547619043,1617.6910714285696,274.2605952380982,-337.83345238095717,6.562641263401906,1.3153985383122215,-1.7324792429792675,1617.6910714285696,274.2605952380982,337.83345238095717
삼성기업인수목적6호,425290,2022-06-30,100,5200.0,5200.0,6760.0,5758.22511904762,5056.413373015873,5005.183333333334,558.22511904762,-143.58662698412718,-1754.8166666666657,10.73509844322346,-2.761281288156292,-25.958826429980263,558.22511904762,143.58662698412718,1754.8166666666657
삼성기업인수목적7호,439250,2022-10-26,500,18000.0,14100.0,14050.0,12897.182380952376,10022.911512265515,10359.508071428574,-5102.817619047624,-4077.088487734485,-3690.491928571426,-28.3489867724868,-28.91552118960628,-26.26684646670054,5102.817619047624,4077.088487734485,3690.491928571426
삼성기업인수목적8호,448740,2023-03-02,500,10300.0,9980.0,9930.0,12884.4019047619,10223.103380952381,10638.925714285719,2584.4019047619004,243.10338095238149,708.9257142857186,25.091280628756312,2.4359056207653453,7.139231765213683,2584.4019047619004,243.10338095238149,708.9257142857186
삼성기업인수목적9호,468510,2023-12-04,100,5150.0,2070.0,1929.0,5280.348102453103,2322.7474603174605,2059.4886904761897,130.3481024531029,252.74746031746054,130.48869047618973,2.531031115594231,12.21002223755848,6.7645770075785245,130.3481024531029,252.74746031746054,130.48869047618973
삼현,437730,2024-03-21,500,69400.0,47000.0,51400.0,57067.7609163059,47027.39713564213,48714.30334415586,-12332.239083694098,27.397135642131616,-2685.696655844142,-17.769796950567866,0.05829177796198216,-5.2250907701247895,12332.239083694098,27.397135642131616,2685.696655844142
상상인제4호기업인수목적,452670,2023-09-14,100,2485.0,1983.0,1980.0,2458.1333730158735,2022.8095674603173,2018.2420476190475,-26.86662698412647,39.80956746031734,38.242047619047526,-1.0811519913129364,2.0075424841309806,1.9314165464165416,26.86662698412647,39.80956746031734,38.242047619047526
새빗켐,107600,2022-08-04,500,91000.0,72500.0,74000.0,63181.71468253966,51816.519246031756,51407.31842712842,-27818.285317460337,-20683.480753968244,-22592.68157287158,-30.56954430490147,-28.52893897099068,-30.530650774150786,27818.285317460337,20683.480753968244,22592.68157287158
샌즈랩,411080,2023-02-15,100,27300.0,24900.0,22100.0,26163.849047619045,24300.70773809524,21190.9357936508,-1136.1509523809545,-599.2922619047604,-909.0642063492014,-4.161725100296536,-2.4067962325492385,-4.1134126984126755,1136.1509523809545,599.2922619047604,909.0642063492014
샤페론,378800,2022-10-19,500,11600.0,8630.0,7150.0,13384.55714285714,10757.355833333333,9898.539682539686,1784.5571428571402,2127.355833333333,2748.5396825396856,15.384113300492588,24.650704905368865,38.44111444111448,1784.5571428571402,2127.355833333333,2748.5396825396856
선바이오,67370,2022-10-05,500,12050.0,10600.0,10650.0,16705.48357142857,14905.558214285713,15900.159444444442,4655.483571428569,4305.558214285713,5250.159444444442,38.634718435091855,40.61847371967654,49.29727177882105,4655.483571428569,4305.558214285713,5250.159444444442
성우,458650,2024-10-31,500,32300.0,28000.0,28600.0,31049.166785714297,26466.84666666666,26367.861724386723,-1250.8332142857034,-1533.153333333339,-2232.138275613277,-3.872548651039329,-5.4755476190476395,-7.804679285361109,1250.8332142857034,1533.153333333339,2232.138275613277
성일하이텍,365340,2022-07-28,500,100000.0,88200.0,92000.0,75801.7705988456,64515.67103174604,65238.46646825396,-24198.2294011544,-23684.32896825396,-26761.53353174604,-24.1982294011544,-26.85298068963034,-29.088623404071782,24198.2294011544,23684.32896825396,26761.53353174604
센서뷰,321370,2023-07-19,500,13000.0,6830.0,6120.0,16582.842718253967,10704.538333333332,9016.964166666668,3582.842718253967,3874.538333333332,2896.9641666666685,27.560328601953593,56.72823328452902,47.336015795207004,3582.842718253967,3874.538333333332,2896.9641666666685
셀바이오휴먼텍,318160,2023-04-20,500,10100.0,10100.0,9510.0,17391.38661782661,14973.27801587302,15727.345039682537,7291.386617826611,4873.27801587302,6217.345039682537,72.19194671115457,48.25027738488139,65.37691944986895,7291.386617826611,4873.27801587302,6217.345039682537
셀비온,308430,2024-10-16,500,26850.0,20650.0,26800.0,23722.554435286936,19069.378888888892,23655.601666666666,-3127.4455647130635,-1580.621111111108,-3144.3983333333344,-11.647841954238599,-7.654339521119166,-11.732829601990053,3127.4455647130635,1580.621111111108,3144.3983333333344
스마트레이더시스템,424960,2023-08-22,500,16800.0,10470.0,12700.0,18488.128452380955,12508.78682539682,13965.2224062049,1688.1284523809554,2038.7868253968209,1265.2224062049008,10.048383645124735,19.472653537696473,9.962381151219692,1688.1284523809554,2038.7868253968209,1265.2224062049008
스톰테크,352090,2023-11-20,100,20400.0,19060.0,16340.0,21706.162788600293,18550.89077380953,17087.453434343428,1306.1627886002934,-509.1092261904705,747.453434343428,6.402758767648498,-2.6710872307999503,4.574378423154394,1306.1627886002934,509.1092261904705,747.453434343428
스튜디오미르,408900,2023-02-07,100,50700.0,50700.0,59300.0,42894.54837301586,40995.99968253968,51646.04439033189,-7805.451626984141,-9704.000317460319,-7653.955609668112,-15.395368100560436,-19.14004007388623,-12.90717640753476,7805.451626984141,9704.000317460319,7653.955609668112
스튜디오삼익,415380,2024-02-06,500,52600.0,39900.0,37850.0,50647.58531746032,39245.95212481962,38133.01648268399,-1952.414682539682,-654.0478751803821,283.01648268399003,-3.711814985816886,-1.6392177322816595,0.7477317904464731,1952.414682539682,654.0478751803821,283.01648268399003
시지트로닉스,429270,2023-08-03,500,27150.0,23100.0,21150.0,34625.930555555555,25460.32706349207,22931.73315656566,7475.930555555555,2360.32706349207,1781.7331565656605,27.535655821567424,10.217866075723245,8.42427024380927,7475.930555555555,2360.32706349207,1781.7331565656605
시큐레터,418250,2023-08-24,500,24300.0,24300.0,31550.0,34141.336626984135,23596.75166666667,24115.033906926416,9841.336626984135,-703.2483333333294,-7434.9660930735845,40.49932768306228,-2.894026063100121,-23.565661150787907,9841.336626984135,703.2483333333294,7434.9660930735845
시큐센,232830,2023-06-29,500,11800.0,9150.0,7720.0,14194.632225829724,10010.77702380952,10587.585833333334,2394.632225829724,860.77702380952,2867.5858333333344,20.29349343923495,9.407399167317159,37.14489421416236,2394.632225829724,860.77702380952,2867.5858333333344
신성에스티,416180,2023-10-19,500,47150.0,39050.0,33350.0,46626.93290043289,40941.64523809525,35711.409166666665,-523.0670995671098,1891.645238095247,2361.4091666666645,-1.1093681857202755,4.844161941345063,7.080687156421783,523.0670995671098,1891.645238095247,2361.4091666666645
신영해피투모로우제10호기업인수목적,472220,2024-02-06,100,3800.0,2090.0,2095.0,3745.279444444445,2065.3094603174604,2077.8310555555554,-54.720555555555165,-24.690539682539566,-17.168944444444605,-1.4400146198830308,-1.1813655350497398,-0.8195200212145396,54.720555555555165,24.690539682539566,17.168944444444605
신영해피투모로우제9호기업인수목적,445970,2022-12-27,100,2000.0,1985.0,2005.0,2316.013869047619,2476.4827222222216,2830.0867341269836,316.0138690476192,491.4827222222216,825.0867341269836,15.80069345238096,24.759834872656,41.15145806119619,316.0138690476192,491.4827222222216,825.0867341269836
신한제11호기업인수목적,452980,2023-10-04,100,2000.0,1900.0,1898.0,2997.0724603174604,3093.912067821069,2946.8859365079365,997.0724603174604,1193.9120678210688,1048.8859365079365,49.85362301587302,62.837477253740474,55.26269423118738,997.0724603174604,1193.9120678210688,1048.8859365079365
신한제12호기업인수목적,474660,2024-04-15,100,5300.0,2105.0,2085.0,5269.039393939394,2087.45375,2066.4971706349206,-30.96060606060564,-17.546249999999873,-18.50282936507938,-0.5841623785019933,-0.8335510688836044,-0.8874258688287472,30.96060606060564,17.546249999999873,18.50282936507938
신한제13호기업인수목적,474930,2024-04-22,100,6070.0,2195.0,2180.0,5455.964451659453,2129.4455916305915,2121.6366666666668,-614.0355483405474,-65.55440836940852,-58.36333333333323,-10.115906891936529,-2.9865334109069943,-2.677217125382258,614.0355483405474,65.55440836940852,58.36333333333323
신한제14호기업인수목적,487360,2024-12-23,100,2500.0,1903.0,1915.0,2520.7146230158733,1953.9031626984129,1953.219436507936,20.714623015873258,50.90316269841287,38.21943650793605,0.8285849206349304,2.6748903152082435,1.9957930291350419,20.714623015873258,50.90316269841287,38.21943650793605
쏘닉스,88280,2023-11-07,1000,11930.0,9430.0,9200.0,14560.123809523806,10347.37226190476,9799.836071428574,2630.123809523806,917.3722619047603,599.8360714285736,22.04630184009896,9.728231833560555,6.519957298136669,2630.123809523806,917.3722619047603,599.8360714285736
쓰리빌리언,394800,2024-11-14,100,6300.0,4100.0,3290.0,9546.319821428571,6089.963800505052,5550.985813492061,3246.3198214285712,1989.963800505052,2260.9858134920614,51.52888605442176,48.53570245134273,68.72297305446995,3246.3198214285712,1989.963800505052,2260.9858134920614
씨메스,475400,2024-10-24,500,37450.0,23100.0,19850.0,31977.92936507937,21840.89781746031,20314.015735930734,-5472.07063492063,-1259.1021825396892,464.0157359307341,-14.611670587237999,-5.450658798873113,2.337610760356343,5472.07063492063,1259.1021825396892,464.0157359307341
씨싸이트,109670,2023-12-21,500,39000.0,39000.0,44250.0,37324.372261904755,39603.98061688312,43830.087987012965,-1675.6277380952451,603.9806168831201,-419.91201298703527,-4.296481379731397,1.5486682484182568,-0.9489537016656163,1675.6277380952451,603.9806168831201,419.91201298703527
씨어스테크놀로지,458870,2024-06-19,500,36000.0,18500.0,17420.0,32984.2919047619,19360.14071428571,18533.584126984122,-3015.7080952381,860.1407142857097,1113.5841269841221,-8.376966931216945,4.649409266409242,6.3925610045012755,3015.7080952381,860.1407142857097,1113.5841269841221
아이비젼웍스,469750,2024-09-03,100,4260.0,4260.0,3900.0,7327.022579365081,6390.00523809524,6350.696507936506,3067.0225793650807,2130.00523809524,2450.6965079365064,71.9958351963634,50.000122959982164,62.838371998371954,3067.0225793650807,2130.00523809524,2450.6965079365064
아이비케이에스제22호기업인수목적,448760,2023-04-06,100,2100.0,2090.0,2095.0,2119.7552380952384,2089.24178968254,2097.9694047619055,19.755238095238383,-0.7582103174599979,2.96940476190548,0.9407256235827801,-0.036278005620095595,0.14173769746565537,19.755238095238383,0.7582103174599979,2.96940476190548
아이비케이에스제24호기업인수목적,469480,2024-02-01,100,4985.0,2125.0,2130.0,4753.706991341991,2101.5974880952385,2113.5456944444445,-231.29300865800906,-23.402511904761468,-16.454305555555493,-4.6397795116952665,-1.101294677871128,-0.7725026082420419,231.29300865800906,23.402511904761468,16.454305555555493
아이빔테크놀로지,460470,2024-08-06,500,20150.0,13360.0,13360.0,24107.06841630592,15307.852023809523,17235.48738095238,3957.0684163059195,1947.8520238095225,3875.4873809523815,19.63805665660506,14.579730717137144,29.00813907898489,3957.0684163059195,1947.8520238095225,3875.4873809523815
아이언디바이스,464500,2024-09-23,500,18370.0,10900.0,11100.0,22055.690519480522,13755.63722222222,13447.590873015875,3685.690519480522,2855.63722222222,2347.5908730158753,20.063639191510735,26.198506625891927,21.149467324467345,3685.690519480522,2855.63722222222,2347.5908730158753
아이엠비디엑스,461030,2024-04-03,100,40550.0,36000.0,30800.0,46979.90682539682,36300.408167388174,31129.34005772005,6429.906825396822,300.40816738817375,329.3400577200482,15.856736930694998,0.834467131633816,1.0692859016884682,6429.906825396822,300.40816738817375,329.3400577200482
아이엠티,451220,2023-10-10,500,28500.0,20750.0,21100.0,29026.506547619054,21045.41015873016,21908.573809523816,526.5065476190539,295.4101587301593,808.5738095238157,1.847391395154575,1.423663415567033,3.8321033626721124,526.5065476190539,295.4101587301593,808.5738095238157
알에프시스템즈,474610,2024-11-19,100,8410.0,5860.0,6540.0,10854.238809523808,8729.121289682538,8936.663769841269,2444.2388095238075,2869.121289682538,2396.6637698412687,29.063481682803893,48.96111415840509,36.646235012863436,2444.2388095238075,2869.121289682538,2396.6637698412687
알피바이오,314140,2022-09-29,500,20700.0,18300.0,15750.0,21474.188809523806,19683.723896103897,17493.55023809524,774.1888095238064,1383.7238961038965,1743.5502380952385,3.7400425580860217,7.561332765595063,11.07016024187453,774.1888095238064,1383.7238961038965,1743.5502380952385
에스비비테크,389500,2022-10-17,500,31050.0,31050.0,28950.0,33048.54773809524,28180.513950216457,27697.321388888886,1998.5477380952434,-2869.4860497835434,-1252.6786111111142,6.436546660532184,-9.241500965486452,-4.327041834580705,1998.5477380952434,2869.4860497835434,1252.6786111111142
에스에이엠지엔터테인먼트,419530,2022-12-06,500,23450.0,23450.0,26500.0,25103.834880952378,26627.974126984132,26686.772380952385,1653.8348809523777,3177.9741269841325,186.772380952385,7.052600771651931,13.55212847327988,0.7048014375561698,1653.8348809523777,3177.9741269841325,186.772380952385
에스오에스랩,464080,2024-06-25,100,21100.0,14420.0,14000.0,20442.51488455989,14405.502860750357,13499.889090909091,-657.4851154401113,-14.497139249642714,-500.11090909090854,-3.116043201137968,-0.1005349462527234,-3.5722207792207747,657.4851154401113,14.497139249642714,500.11090909090854
에스와이스틸텍,365330,2023-11-13,500,5410.0,4065.0,5280.0,15409.981865079368,7382.559099927852,7647.452857142859,9999.981865079368,3317.559099927852,2367.452857142859,184.84254833788108,81.61276998592501,44.838122294372326,9999.981865079368,3317.559099927852,2367.452857142859
에스지헬스케어,398120,2024-12-19,100,6880.0,4980.0,4350.0,10829.505744949493,8592.685575396827,7830.240515873019,3949.5057449494925,3612.6855753968266,3480.240515873019,57.4056067579868,72.54388705616117,80.00552910052917,3949.5057449494925,3612.6855753968266,3480.240515873019
에스케이증권제11호기업인수목적,472230,2024-03-04,100,5700.0,2100.0,2080.0,5517.588966450217,2113.8635995671,2084.096734126984,-182.4110335497826,13.86359956710021,4.096734126983847,-3.200193571048817,0.6601714079571528,0.19695837148960804,182.4110335497826,13.86359956710021,4.096734126983847
에스케이증권제12호기업인수목적,473000,2024-05-07,100,3055.0,2090.0,2100.0,2727.332142857143,2122.5436273448777,2115.5236273448772,-327.667857142857,32.54362734487768,15.52362734487724,-10.725625438391392,1.557111356214243,0.7392203497560591,327.667857142857,32.54362734487768,15.52362734487724
에스케이증권제13호기업인수목적,473950,2024-07-25,100,3375.0,2065.0,2080.0,3523.953373015874,2063.894797619048,2080.7946428571427,148.95337301587415,-1.1052023809520506,0.7946428571426623,4.413433274544419,-0.05352069641414289,0.03820398351647415,148.95337301587415,1.1052023809520506,0.7946428571426623
에스케이증권제8호기업인수목적,435870,2022-10-06,100,2170.0,2140.0,2130.0,2128.075178571429,2119.016663059163,2122.3384523809527,-41.924821428570795,-20.983336940837034,-7.661547619047269,-1.9320194206714651,-0.9805297635905156,-0.3596970713167732,41.924821428570795,20.983336940837034,7.661547619047269
에스켐,475660,2024-11-18,500,11480.0,7090.0,6840.0,15264.39535714286,11410.10138888889,9874.161360028858,3784.395357142859,4320.10138888889,3034.1613600288583,32.96511635141863,60.9323186021,44.35908421094822,3784.395357142859,4320.10138888889,3034.1613600288583
에스피소프트,443670,2024-02-15,100,13110.0,12940.0,16820.0,17042.460912698414,16044.947341269839,19818.245119047613,3932.460912698414,3104.947341269839,2998.245119047613,29.99588796871407,23.994956269473253,17.82547633203099,3932.460912698414,3104.947341269839,2998.245119047613
에이에스텍,453860,2023-11-28,500,96500.0,70100.0,51800.0,70031.34155122653,55232.242362914876,44932.20654761904,-26468.658448773465,-14867.757637085124,-6867.79345238096,-27.428661604946598,-21.209354689137125,-13.258288518109962,26468.658448773465,14867.757637085124,6867.79345238096
에이엘티,172670,2023-07-27,500,32750.0,22550.0,23400.0,30726.111309523807,21732.356904761902,21450.264166666664,-2023.888690476193,-817.6430952380979,-1949.735833333336,-6.1798127953471536,-3.625911730545889,-8.332204415954427,2023.888690476193,817.6430952380979,1949.735833333336
에이직랜드,445090,2023-11-13,500,33300.0,30300.0,31800.0,29012.582142857147,24250.78793650794,24652.66481962482,-4287.417857142853,-6049.212063492061,-7147.335180375179,-12.875128700128688,-19.964396249148717,-22.47589679363264,4287.417857142853,6049.212063492061,7147.335180375179
에이치비인베스트먼트,440290,2024-01-25,500,11400.0,6700.0,5530.0,19087.657106782106,11905.003851010099,10031.640634920637,7687.657106782106,5205.0038510100985,4501.640634920637,67.43558865598338,77.68662464194178,81.40398978156668,7687.657106782106,5205.0038510100985,4501.640634920637
에이치엠씨아이비제7호기업인수목적,477340,2024-06-24,100,2545.0,1958.0,1960.0,2558.8749206349207,1979.9519090909089,1990.529845238095,13.874920634920727,21.951909090908885,30.52984523809505,0.5451835220008144,1.1211393815581658,1.5576451652089311,13.874920634920727,21.951909090908885,30.52984523809505
에이치와이티씨,148930,2022-08-09,500,17100.0,15850.0,16250.0,21485.008452380956,17491.303820346322,17308.816212121208,4385.008452380956,1641.303820346322,1058.816212121208,25.64332428292957,10.355229150449981,6.51579207459205,4385.008452380956,1641.303820346322,1058.816212121208
에이치이엠파마,376270,2024-11-05,500,20650.0,16400.0,13850.0,23839.65888888889,17676.351746031745,16454.07111111111,3189.658888888891,1276.3517460317453,2604.0711111111086,15.446290018832402,7.782632597754545,18.801957480946633,3189.658888888891,1276.3517460317453,2604.0711111111086
에이프릴바이오,397030,2022-07-28,1000,25300.0,21850.0,21950.0,23508.51190476191,22431.3351984127,20389.55892857143,-1791.4880952380918,581.3351984127003,-1560.4410714285696,-7.080980613589295,2.660572990447141,-7.1090709404490635,1791.4880952380918,581.3351984127003,1560.4410714285696
에코아이,448280,2023-11-21,500,62300.0,62300.0,80900.0,40980.7892063492,40105.46654761904,41650.09334415584,-21319.210793650796,-22194.533452380958,-39249.90665584416,-34.220242044383305,-35.625254337690144,-48.51657188608673,21319.210793650796,22194.533452380958,39249.90665584416
엑셀세라퓨틱스,373110,2024-07-15,500,12900.0,8330.0,8330.0,15790.808571428568,11049.0496031746,11506.007424242423,2890.808571428568,2719.0496031746006,3176.0074242424234,22.409368770764093,32.641651898854754,38.127340026919846,2890.808571428568,2719.0496031746006,3176.0074242424234
엑스게이트,356680,2023-03-16,100,4775.0,4085.0,4110.0,9712.774514790768,7236.958253968252,6754.230337301588,4937.774514790768,3151.9582539682524,2644.2303373015884,103.40889036211031,77.15932078257656,64.33650455721627,4937.774514790768,3151.9582539682524,2644.2303373015884
엔에이치기업인수목적23호,422040,2022-06-28,100,2090.0,2090.0,2100.0,2274.000595238095,2290.957619047619,2522.2823293650804,184.00059523809477,200.95761904761912,422.2823293650804,8.803856231487789,9.615197083618138,20.108682350718112,184.00059523809477,200.95761904761912,422.2823293650804
엔에이치기업인수목적24호,437780,2022-10-20,100,2065.0,2055.0,2045.0,2048.3890873015876,2044.4864484126986,2034.748722222222,-16.61091269841245,-10.513551587301436,-10.251277777777887,-0.8044025519812323,-0.5116083497470285,-0.5012849769084542,16.61091269841245,10.513551587301436,10.251277777777887
엔에이치기업인수목적25호,438580,2022-11-03,100,2270.0,2175.0,2200.0,2191.918035714286,2123.3895598845593,2107.1114365079366,-78.0819642857141,-51.610440115440724,-92.88856349206344,-3.4397341095028233,-2.372893798411068,-4.222207431457429,78.0819642857141,51.610440115440724,92.88856349206344
엔에이치기업인수목적26호,439410,2022-12-01,100,1995.0,1980.0,1975.0,2270.300178571428,2270.005638888889,2303.243380952381,275.3001785714282,290.0056388888888,328.2433809523809,13.79950769781595,14.646749438832767,16.61991802290536,275.3001785714282,290.0056388888888,328.2433809523809
엔젤로보틱스,455900,2024-03-26,500,77700.0,65000.0,66800.0,59131.83420634919,47790.63971500721,49897.44619047619,-18568.165793650813,-17209.360284992792,-16902.553809523808,-23.89725327368187,-26.47593889998891,-25.303224265754203,18568.165793650813,17209.360284992792,16902.553809523808
엘비인베스트먼트,309960,2023-03-29,1000,8450.0,8450.0,8900.0,10051.092420634923,8183.139783549786,9545.31166666667,1601.0924206349227,-266.86021645021356,645.3116666666701,18.947839297454706,-3.1581090704167285,7.250692883895169,1601.0924206349227,266.86021645021356,645.3116666666701
엘에스머트리얼즈,417200,2023-12-12,500,24000.0,24000.0,31200.0,25839.089686147185,23629.698055555556,28789.60047619047,1839.0896861471847,-370.3019444444435,-2410.3995238095304,7.662873692279937,-1.5429247685185146,-7.725639499389521,1839.0896861471847,370.3019444444435,2410.3995238095304
엠83,476080,2024-08-22,100,54800.0,22300.0,18510.0,50472.58007936508,31620.75369047619,24383.613928571427,-4327.419920634922,9320.753690476191,5873.613928571427,-7.896751679990734,41.79710175101431,31.732111985799172,4327.419920634922,9320.753690476191,5873.613928571427
엠에프씨,432980,2024-12-26,500,8440.0,7180.0,6150.0,13369.55720238095,9848.498174603177,8248.196944444442,4929.557202380949,2668.498174603177,2098.196944444442,58.40707585759418,37.165712738205805,34.1170234869015,4929.557202380949,2668.498174603177,2098.196944444442
엠오티,413390,2024-11-18,500,10660.0,7800.0,7430.0,14658.60416666667,11336.314769119772,11405.990515873016,3998.6041666666697,3536.314769119772,3975.990515873016,37.5103580362727,45.33736883486887,53.512658356299006,3998.6041666666697,3536.314769119772,3975.990515873016
오브젠,417860,2023-01-30,500,46800.0,46800.0,49500.0,46586.43333333331,44027.223196248204,50938.469523809516,-213.56666666668752,-2772.7768037517963,1438.4695238095155,-0.45633903133907594,-5.924736760153411,2.9059990379990213,213.56666666668752,2772.7768037517963,1438.4695238095155
오상헬스케어,36220,2024-03-13,500,45000.0,29350.0,26200.0,41555.82003968254,26326.656435786444,25169.03349206349,-3444.1799603174586,-3023.3435642135555,-1030.9665079365113,-7.653733245149907,-10.30100021878554,-3.9349866715134016,3444.1799603174586,3023.3435642135555,1030.9665079365113
오픈엣지테크놀로지,394280,2022-09-26,100,11400.0,10050.0,13050.0,12865.374733044731,12427.508492063489,14612.138156565654,1465.3747330447313,2377.508492063489,1562.1381565656538,12.854164324953784,23.656800916054618,11.97040733000501,1465.3747330447313,2377.508492063489,1562.1381565656538
온코닉테라퓨틱스,476060,2024-12-19,500,26100.0,17300.0,21400.0,24445.806502386506,17342.492222222223,20807.521309523807,-1654.1934976134944,42.49222222222306,-592.4786904761932,-6.337906121124499,0.24561978163134718,-2.768592011570996,1654.1934976134944,42.49222222222306,592.4786904761932
온코크로스,382150,2024-12-18,500,14450.0,8960.0,8550.0,14953.109841269843,10008.214166666665,10099.654166666667,503.10984126984295,1048.2141666666648,1549.6541666666672,3.481729005327633,11.698818824404741,18.124610136452247,503.10984126984295,1048.2141666666648,1549.6541666666672
와이랩,432430,2023-07-20,500,22000.0,10350.0,10050.0,23653.257857142864,11939.994880952381,11334.877182539683,1653.257857142864,1589.9948809523812,1284.8771825396834,7.514808441558472,15.362269381182427,12.784847587459536,1653.257857142864,1589.9948809523812,1284.8771825396834
와이바이오로직스,338840,2023-12-05,500,23800.0,12800.0,13990.0,26555.387539682542,14468.684246031737,15168.700717893218,2755.3875396825424,1668.6842460317366,1178.700717893218,11.577258570094715,13.036595672122942,8.42530891989434,2755.3875396825424,1668.6842460317366,1178.700717893218
와이씨켐,112290,2022-07-14,1000,18600.0,16450.0,15700.0,22517.50595238095,17440.302103174607,16317.48916666667,3917.5059523809505,990.3021031746066,617.4891666666699,21.061859959037367,6.020073575529524,3.9330520169851586,3917.5059523809505,990.3021031746066,617.4891666666699
우진엔텍,457550,2024-01-24,500,21200.0,21200.0,27550.0,23417.850079365086,20390.37400793651,22352.576825396827,2217.8500793650855,-809.6259920634911,-5197.423174603173,10.461556978137196,-3.818990528601373,-18.86541987151787,2217.8500793650855,809.6259920634911,5197.423174603173
워트 주식회사,396470,2023-10-26,100,12850.0,8650.0,8860.0,13389.251865079366,9196.821767676765,9618.43904761905,539.2518650793663,546.8217676767654,758.4390476190492,4.1965125687110225,6.3216389326793685,8.560260131140511,539.2518650793663,546.8217676767654,758.4390476190492
위니아에이드,377460,2022-06-23,500,15700.0,11000.0,10950.0,17548.019285714287,13535.51191197691,13142.333849206345,1848.0192857142865,2535.5119119769097,2192.333849206345,11.770823475887175,23.05010829069918,20.021313691382144,1848.0192857142865,2535.5119119769097,2192.333849206345
위츠,459100,2024-11-20,500,23850.0,14690.0,15080.0,41871.62043650793,26159.220616883118,23216.044246031743,18021.620436507932,11469.220616883118,8136.044246031743,75.56234983860767,78.07502121772035,53.95254805060837,18021.620436507932,11469.220616883118,8136.044246031743
유디엠텍,389680,2024-11-20,100,1649.0,1368.0,1241.0,8109.420844155845,6053.907312409812,5280.15371031746,6460.420844155845,4685.907312409812,4039.1537103174596,391.7780984933805,342.53708424048335,325.47572202396935,6460.420844155845,4685.907312409812,4039.1537103174596
유안타제10호기업인수목적,435380,2022-10-06,100,2075.0,2065.0,2065.0,2076.369761904762,2025.1408412698418,2009.2361269841265,1.369761904762072,-39.85915873015824,-55.763873015873514,0.06601262191624443,-1.9302256043660166,-2.700429685998717,1.369761904762072,39.85915873015824,55.763873015873514
유안타제14호기업인수목적,450940,2023-07-27,100,5870.0,2175.0,2070.0,5604.563293650794,2201.7587380952386,2118.942043650794,-265.43670634920636,26.75873809523864,48.94204365079395,-4.521920040020552,1.2302868089764893,2.3643499348209636,265.43670634920636,26.75873809523864,48.94204365079395
유안타제16호기업인수목적,474490,2024-05-02,100,3300.0,2005.0,2015.0,3236.2236309523805,2021.6254007936507,2025.325032106782,-63.77636904761948,16.62540079365067,10.325032106781919,-1.9326172438672569,0.8291970470648714,0.5124085412794996,63.77636904761948,16.62540079365067,10.325032106781919
유안타제9호기업인수목적,430700,2022-08-04,100,2095.0,2090.0,2095.0,2085.516726190476,2082.9249325396822,2086.9427698412696,-9.48327380952378,-7.075067460317769,-8.057230158730363,-0.4526622343448105,-0.33851997417788365,-0.3845933249990626,9.48327380952378,7.075067460317769,8.057230158730363
유진기업인수목적11호,488060,2024-10-31,100,2535.0,2015.0,2020.0,2501.655753968254,2024.2241785714289,2024.8922979797978,-33.344246031746025,9.224178571428865,4.892297979797831,-1.3153548730471805,0.4577756114853035,0.24219296929692236,33.344246031746025,9.224178571428865,4.892297979797831
유진기업인수목적9호,442130,2022-12-01,100,2000.0,1985.0,2000.0,2047.1153968253973,2183.490988455988,2193.957650793651,47.11539682539728,198.49098845598792,193.95765079365083,2.355769841269864,9.9995460179339,9.69788253968254,47.11539682539728,198.49098845598792,193.95765079365083
유진테크놀로지,240600,2023-11-02,500,25450.0,21200.0,19670.0,25985.278888888894,21190.66793650794,19931.28277777778,535.2788888888936,-9.332063492060115,261.2827777777784,2.1032569308011535,-0.044019167415377904,1.3283313562673025,535.2788888888936,9.332063492060115,261.2827777777784
유투바이오,221800,2023-11-02,500,10730.0,8550.0,10290.0,15742.859404761908,9485.066706349206,10407.562063492065,5012.859404761908,935.0667063492056,117.56206349206514,46.71816779834025,10.936452705838661,1.1424884693106427,5012.859404761908,935.0667063492056,117.56206349206514
윤성에프앤씨,372170,2022-11-14,100,45400.0,40450.0,41800.0,37586.064841269836,31986.13527777778,32546.04298340548,-7813.935158730164,-8463.86472222222,-9253.957016594519,-17.211310922313135,-20.92426383738497,-22.138653149747654,7813.935158730164,8463.86472222222,9253.957016594519
이노스페이스,462350,2024-07-02,1000,46050.0,34450.0,31150.0,43001.48166666667,27275.651904761908,25320.559206349204,-3048.5183333333334,-7174.348095238092,-5829.440793650796,-6.620018096272168,-20.825393600110573,-18.714095645748944,3048.5183333333334,7174.348095238092,5829.440793650796
이노시뮬레이션,274400,2023-07-06,500,45000.0,35000.0,32400.0,43082.04603174602,34040.10015873016,34055.658116883125,-1917.9539682539835,-959.899841269842,1655.6581168831253,-4.262119929453297,-2.7425709750566916,5.110055916305942,1917.9539682539835,959.899841269842,1655.6581168831253
이노진,344860,2023-02-20,100,7800.0,7800.0,6610.0,13095.081587301584,9611.124960317458,9030.99303751804,5295.081587301584,1811.1249603174583,2420.9930375180393,67.88566137566133,23.21955077330075,36.62621841933494,5295.081587301584,1811.1249603174583,2420.9930375180393
이닉스,452400,2024-02-01,500,51700.0,37100.0,33900.0,49652.54912698412,35777.20992063492,32312.99145021645,-2047.4508730158777,-1322.790079365077,-1587.0085497835498,-3.960253139295702,-3.565471912035248,-4.681441149803982,2047.4508730158777,1322.790079365077,1587.0085497835498
인벤티지랩,389470,2022-11-22,500,15900.0,14950.0,14300.0,17153.69619047619,15174.666114718617,14576.820101010098,1253.6961904761883,224.66611471861688,276.82010101009837,7.884881701108102,1.50278337604426,1.9358049021685202,1253.6961904761883,224.66611471861688,276.82010101009837
인스웨이브시스템즈,450520,2023-09-25,500,69900.0,51500.0,49100.0,60341.62817460316,47389.460151515144,44113.16616883116,-9558.37182539684,-4110.539848484856,-4986.833831168842,-13.674351681540545,-7.981630773757001,-10.15648438119927,9558.37182539684,4110.539848484856,4986.833831168842
자람테크놀로지,389020,2023-03-07,500,57200.0,42700.0,41000.0,43089.013412698405,34018.15876984127,33136.80591269841,-14110.986587301595,-8681.84123015873,-7863.194087301592,-24.669556970806987,-20.332180866882275,-19.178522164150223,14110.986587301595,8681.84123015873,7863.194087301592
제이오,418550,2023-02-16,100,24750.0,21500.0,22050.0,28187.104285714286,23302.998492063492,22902.16595238095,3437.1042857142857,1802.9984920634924,852.1659523809503,13.887290043290044,8.386039497969733,3.864698196739004,3437.1042857142857,1802.9984920634924,852.1659523809503
제이투케이바이오,420570,2024-03-25,500,36850.0,26000.0,20450.0,37833.53333333334,27563.474603174607,23451.647142857146,983.5333333333401,1563.4746031746072,3001.647142857146,2.6690185436454277,6.013363858363874,14.67798113866575,983.5333333333401,1563.4746031746072,3001.647142857146
주식회사 큐라티스,348080,2023-06-15,500,5850.0,5850.0,5300.0,6459.293412698412,5953.087788600289,6532.431904761906,609.2934126984119,103.08778860028906,1232.4319047619056,10.415272011938665,1.7621844205177615,23.253432165318973,609.2934126984119,103.08778860028906,1232.4319047619056
지아이이노베이션,358570,2023-03-30,500,23800.0,20250.0,18340.0,28357.162460317457,22124.838809523804,20766.646587301588,4557.162460317457,1874.8388095238042,2426.6465873015877,19.14774142990528,9.258463256907676,13.231442678852714,4557.162460317457,1874.8388095238042,2426.6465873015877
진영,285800,2023-06-01,100,13000.0,8680.0,8200.0,15310.653492063493,13028.190952380954,13077.113670634915,2310.653492063493,4348.190952380954,4877.113670634915,17.77425763125764,50.09436581084048,59.47699598335262,2310.653492063493,4348.190952380954,4877.113670634915
캡스톤파트너스,452300,2023-11-15,200,9700.0,9180.0,10020.0,12582.74277777778,9790.361688311687,10269.277103174605,2882.7427777777793,610.3616883116865,249.27710317460514,29.718997709049273,6.648820134114232,2.4877954408643226,2882.7427777777793,610.3616883116865,249.27710317460514
컨텍,451760,2023-11-09,500,21050.0,15920.0,18420.0,16554.884444444444,16515.345952380958,19982.64055555556,-4495.115555555556,595.3459523809579,1562.6405555555611,-21.354468197413567,3.739610253649233,8.483390638195228,4495.115555555556,595.3459523809579,1562.6405555555611
케이비제21호기업인수목적,424140,2022-06-23,100,2125.0,2100.0,2100.0,2093.4248214285717,2213.5225912698415,2434.798853174603,-31.575178571428296,113.52259126984154,334.7988531746032,-1.485890756302508,5.405837679516264,15.942802532123961,31.575178571428296,113.52259126984154,334.7988531746032
케이비제26호기업인수목적,458320,2023-08-10,100,4475.0,2035.0,2020.0,5005.214987373738,2064.89105952381,2054.317273809524,530.214987373738,29.891059523809872,34.31727380952407,11.848379606117051,1.468848133848151,1.698874941065548,530.214987373738,29.891059523809872,34.31727380952407
케이비제30호기업인수목적,486630,2024-09-25,100,3085.0,2005.0,2000.0,3267.651893939393,2017.535567460318,2010.5089047619042,182.65189393939318,12.535567460317907,10.508904761904205,5.920644860272064,0.6252153346791973,0.5254452380952102,182.65189393939318,12.535567460317907,10.508904761904205
케이비제31호기업인수목적,492220,2024-12-12,100,3100.0,1912.0,1911.0,3137.9614177489175,1941.2607900432904,1936.785944444444,37.96141774891748,29.2607900432904,25.785944444444112,1.224561862868306,1.5303760482892468,1.3493429850572534,37.96141774891748,29.2607900432904,25.785944444444112
케이쓰리아이,431190,2024-08-20,500,15950.0,10550.0,9780.0,19487.74142857143,13979.37043650794,13227.638452380952,3537.7414285714294,3429.3704365079393,3447.638452380952,22.18019704433498,32.5058809147672,35.25192691596065,3537.7414285714294,3429.3704365079393,3447.638452380952
케이엔알시스템,199430,2024-03-07,100,38300.0,27050.0,26100.0,36914.72198412698,26541.46670634921,23613.688510101012,-1385.2780158730166,-508.53329365079117,-2486.311489898988,-3.616913879564012,-1.879975207581483,-9.52609766244823,1385.2780158730166,508.53329365079117,2486.311489898988
케이엔에스,432470,2023-12-06,100,92000.0,92000.0,108700.0,52867.84230519479,46456.62678571429,44226.03876984127,-39132.15769480521,-45543.37321428571,-64473.96123015873,-42.53495401609262,-49.50366653726708,-59.31367178487464,39132.15769480521,45543.37321428571,64473.96123015873
케이웨더,68100,2024-02-22,500,23000.0,16600.0,12020.0,25102.797380952383,17585.114166666666,12959.406829004329,2102.797380952383,985.1141666666663,939.4068290043288,9.14259730848862,5.93442269076305,7.815364633979441,2102.797380952383,985.1141666666663,939.4068290043288
코난테크놀로지,402030,2022-07-07,500,36300.0,30600.0,35500.0,36003.009642857134,31715.007341269837,32252.928632756128,-296.99035714286583,1115.0073412698366,-3247.0713672438724,-0.8181552538370959,3.6438148407511,-9.146679907729217,296.99035714286583,1115.0073412698366,3247.0713672438724
코어라인소프트,384470,2023-09-18,500,46000.0,35000.0,39400.0,38236.116269841266,33943.99035714285,36175.885537518036,-7763.883730158734,-1056.0096428571487,-3224.1144624819644,-16.878008109040728,-3.017170408163282,-8.183031630664885,7763.883730158734,1056.0096428571487,3224.1144624819644
코츠테크놀로지,448710,2023-08-10,100,29400.0,20400.0,25300.0,35091.2478968254,30135.786966089472,27768.172593795098,5691.2478968254,9735.786966089472,2468.172593795098,19.35798604362381,47.724445912203294,9.755622900375881,5691.2478968254,9735.786966089472,2468.172593795098
코칩,126730,2024-05-07,500,33800.0,28450.0,25050.0,33500.47083333333,26737.865079365085,24567.11003968254,-299.52916666666715,-1712.134920634915,-482.8899603174614,-0.8861809664694295,-6.018048930175449,-1.9277044324050352,299.52916666666715,1712.134920634915,482.8899603174614
큐로셀,372320,2023-11-09,500,24700.0,21700.0,28200.0,25302.886071428573,21607.88313492063,22410.77583333333,602.8860714285729,-92.11686507936975,-5789.2241666666705,2.4408342972816715,-0.4245016823934089,-20.52916371158394,602.8860714285729,92.11686507936975,5789.2241666666705
큐리옥스바이오시스템즈,445680,2023-08-10,500,29700.0,17330.0,22500.0,30893.87924603175,17790.918809523802,19653.029444444444,1193.879246031749,460.91880952380234,-2846.9705555555556,4.01979544118434,2.659658450800937,-12.653202469135802,1193.879246031749,460.91880952380234,2846.9705555555556
큐알티,405100,2022-11-02,500,44950.0,38350.0,38250.0,32977.599722222214,29300.96,29766.398253968255,-11972.400277777786,-9049.04,-8483.601746031745,-26.634928315412203,-23.595932203389832,-22.179350970017634,11972.400277777786,9049.04,8483.601746031745
크라우드웍스,355390,2023-08-31,1000,47150.0,47150.0,61200.0,47905.6849206349,48995.390357142875,54791.7976190476,755.6849206348998,1845.3903571428746,-6408.2023809524035,1.6027251763200419,3.9138713831238063,-10.470918923124842,755.6849206348998,1845.3903571428746,6408.2023809524035
클로봇,466100,2024-10-28,500,12700.0,10070.0,9670.0,13807.422857142858,10725.796785714285,12304.280396825394,1107.4228571428575,655.7967857142849,2634.280396825394,8.719865016872893,6.5123811888211005,27.241782800676255,1107.4228571428575,655.7967857142849,2634.280396825394
키움제11호기업인수목적,489480,2024-12-11,100,4050.0,1954.0,1933.0,3950.057123015873,1957.0927857142854,1940.3575476190465,-99.942876984127,3.0927857142853554,7.3575476190465,-2.4677253576327653,0.15827971925718298,0.38062843347369374,99.942876984127,3.0927857142853554,7.3575476190465
키움제7호기업인수목적,433530,2022-09-07,100,2170.0,2120.0,2135.0,2129.561686507937,2056.2998257575764,2057.583833333333,-40.438313492063116,-63.7001742424236,-77.41616666666687,-1.8635167507863186,-3.0047252001143208,-3.626049960968003,40.438313492063116,63.7001742424236,77.41616666666687
키움제8호기업인수목적,446840,2023-05-17,100,2075.0,2070.0,2085.0,2051.1810119047623,2057.245416666667,2064.7433293650793,-23.818988095237728,-12.754583333332903,-20.256670634920738,-1.1479030407343482,-0.6161634460547296,-0.9715429561113064,23.818988095237728,12.754583333332903,20.256670634920738
탑머티리얼,360070,2022-10-18,500,42500.0,37000.0,38350.0,39335.35476190476,32562.746428571438,31419.405714285713,-3164.6452380952396,-4437.253571428562,-6930.594285714287,-7.446224089635859,-11.992577220077196,-18.071953808902965,3164.6452380952396,4437.253571428562,6930.594285714287
토마토시스템,393210,2023-04-27,500,18400.0,14650.0,14070.0,18737.45321428571,15796.706507936502,17120.37563492063,337.4532142857097,1146.706507936502,3050.3756349206305,1.833984860248422,7.82734817704097,21.679997405263897,337.4532142857097,1146.706507936502,3050.3756349206305
토모큐브,475960,2024-11-07,500,13990.0,10070.0,12120.0,14591.206309523806,9990.36722222222,11868.023690476191,601.2063095238063,-79.63277777778057,-251.9763095238086,4.297400353994327,-0.7907922321527366,-2.079012454816903,601.2063095238063,79.63277777778057,251.9763095238086
트루엔,417790,2023-05-17,100,20750.0,17200.0,17310.0,22816.715436507937,18210.21861111111,17775.669841269842,2066.715436507937,1010.2186111111114,465.66984126984244,9.960074392809334,5.873364018087857,2.6901781702475014,2066.715436507937,1010.2186111111114,465.66984126984244
티디에스팜,464280,2024-08-21,100,52000.0,52000.0,42350.0,53431.3007142857,47322.96597402597,40687.98735569985,1431.3007142857023,-4677.034025974033,-1662.01264430015,2.7525013736263504,-8.994296203796218,-3.9244690538374263,1431.3007142857023,4677.034025974033,1662.01264430015
티쓰리엔터테인먼트,204610,2022-11-17,100,2570.0,2085.0,2165.0,4360.705555555555,4013.288463203464,4345.414900793651,1790.7055555555553,1928.2884632034638,2180.414900793651,69.67725897103328,92.4838591464491,100.71200465559589,1790.7055555555553,1928.2884632034638,2180.414900793651
티에프이,425420,2022-11-17,100,10450.0,9260.0,9060.0,13529.976388888885,12141.638015873015,10985.863899711396,3079.9763888888847,2881.6380158730153,1925.8638997113958,29.473458266879277,31.11920103534574,21.25677593500437,3079.9763888888847,2881.6380158730153,1925.8638997113958
티이엠씨,425040,2023-01-19,500,32900.0,28100.0,29200.0,29207.070238095243,22924.78424603174,23044.17878968254,-3692.9297619047575,-5175.215753968259,-6155.821210317459,-11.22471052250686,-18.41713791447779,-21.08157948738856,3692.9297619047575,5175.215753968259,6155.821210317459
파두,440110,2023-08-07,100,30500.0,27600.0,28950.0,33842.11167748918,28402.18527777777,29097.09184343434,3342.111677489178,802.1852777777713,147.09184343434026,10.95774320488255,2.9064683977455483,0.5080892692032479,3342.111677489178,802.1852777777713,147.09184343434026
파로스아이바이오,388870,2023-07-27,500,14000.0,8730.0,11210.0,21389.72464285715,13108.507698412695,11631.667741702744,7389.724642857149,4378.507698412695,421.667741702744,52.78374744897963,50.15472735867922,3.7615320401672077,7389.724642857149,4378.507698412695,421.667741702744
파인메딕스,387570,2024-12-26,100,27000.0,16000.0,14450.0,30533.067847985345,20197.203235930734,17873.709444444445,3533.067847985345,4197.203235930734,3423.7094444444447,13.085436474019795,26.23252022456709,23.69349096501346,3533.067847985345,4197.203235930734,3423.7094444444447
팸텍,271830,2023-05-23,100,6290.0,5990.0,6380.0,8568.18743145743,7654.526280663786,7898.8653968254,2278.1874314574306,1664.5262806637857,1518.8653968254002,36.2191960486078,27.788418708911276,23.806667661840127,2278.1874314574306,1664.5262806637857,1518.8653968254002
펨트론,168360,2022-11-24,500,10550.0,9210.0,8400.0,18979.429642857147,17183.05214285714,14414.176170634919,8429.429642857147,7973.052142857141,6014.176170634919,79.89980704129998,86.56951295176049,71.59733536470142,8429.429642857147,7973.052142857141,6014.176170634919
포스뱅크,105760,2024-01-29,500,56300.0,23350.0,28000.0,54528.69543650792,29401.11424603175,28504.59896825397,-1771.3045634920782,6051.11424603175,504.59896825396936,-3.1461892779610623,25.914836171442186,1.802139172335605,1771.3045634920782,6051.11424603175,504.59896825396936
퓨릿,445180,2023-10-18,500,19800.0,14460.0,13660.0,16734.37472222222,13137.55942640693,15891.413015873013,-3065.625277777781,-1322.4405735930704,2231.413015873013,-15.48295594837263,-9.145508807697583,16.33538078969995,3065.625277777781,1322.4405735930704,2231.413015873013
피앤에스미캐닉스,460940,2024-07-31,500,32750.0,25050.0,22050.0,39115.63273809523,25566.44388888888,25089.245992063483,6365.632738095228,516.4438888888799,3039.245992063483,19.43704652853505,2.0616522510534128,13.783428535435297,6365.632738095228,516.4438888888799,3039.245992063483
핀텔,291810,2022-10-20,500,15750.0,10850.0,11450.0,16166.98154761904,13293.701626984126,13367.127344877345,416.9815476190397,2443.701626984126,1917.1273448773445,2.6475018896446967,22.522595640406692,16.743470260937507,416.9815476190397,2443.701626984126,1917.1273448773445
핑거스토리,417180,2022-12-08,100,6050.0,6050.0,7860.0,6813.944960317461,6768.067162698412,9245.97261904762,763.9449603174608,718.0671626984122,1385.9726190476194,12.627189426734889,11.868878722287803,17.63323942808676,763.9449603174608,718.0671626984122,1385.9726190476194
하나26호기업인수목적,446750,2023-03-07,100,2000.0,1999.0,1999.0,2117.18126984127,2015.187253968254,2016.2305000000006,117.18126984127002,16.187253968254026,17.230500000000575,5.859063492063501,0.8097675822038032,0.8619559779890232,117.18126984127002,16.187253968254026,17.230500000000575
하나27호기업인수목적,448370,2023-04-06,100,2005.0,2005.0,2010.0,2252.3514087301596,2287.946182539683,2298.5963015873012,247.35140873015962,282.9461825396829,288.59630158730124,12.336728614970555,14.112029054348277,14.358024954592102,247.35140873015962,282.9461825396829,288.59630158730124
하나28호기업인수목적,454750,2023-08-10,100,3320.0,2030.0,2020.0,3673.012718253969,2038.1050992063488,2026.0449444444446,353.01271825396907,8.105099206348768,6.044944444444582,10.632913200420756,0.399265970756097,0.2992546754675536,353.01271825396907,8.105099206348768,6.044944444444582
하나29호기업인수목적,454640,2023-06-28,100,2165.0,2110.0,2115.0,2119.8792261904764,2076.1553690476194,2073.18003968254,-45.1207738095236,-33.84463095238061,-41.819960317459845,-2.0841004069064017,-1.6040109456104557,-1.9773030882959737,45.1207738095236,33.84463095238061,41.819960317459845
하나31호기업인수목적,469900,2024-03-05,100,4830.0,2020.0,2040.0,4514.6365674603185,2030.7330317460312,2048.3818333333343,-315.3634325396815,10.733031746031202,8.38183333333427,-6.529263613658003,0.5313382052490694,0.4108741830065819,315.3634325396815,10.733031746031202,8.38183333333427
하나32호기업인수목적,475240,2024-03-27,100,7030.0,2500.0,2285.0,7076.735853174605,3048.490476190477,2624.16369047619,46.73585317460493,548.4904761904768,339.1636904761899,0.6648058773059022,21.939619047619072,14.843049911430631,46.73585317460493,548.4904761904768,339.1636904761899
하나33호기업인수목적,475250,2024-04-24,100,5200.0,2150.0,2140.0,4796.073201659452,2130.9682702020204,2128.7564682539687,-403.926798340548,-19.03172979797955,-11.243531746031294,-7.767823045010538,-0.8851967347897465,-0.5253986797210886,403.926798340548,19.03172979797955,11.243531746031294
하나34호기업인수목적,484130,2024-11-19,100,2170.0,1999.0,2000.0,2202.6411706349213,2003.4071547619053,2000.2441468253958,32.64117063492131,4.4071547619053035,0.2441468253957737,1.5042014117475258,0.22046797208130584,0.012207341269788684,32.64117063492131,4.4071547619053035,0.2441468253957737
하나금융25호기업인수목적,435620,2022-10-20,500,9970.0,9760.0,9770.0,11999.229583333328,10423.838071428574,10850.810952380956,2029.2295833333283,663.838071428574,1080.8109523809562,20.35335590103639,6.80161958430916,11.062548130818385,2029.2295833333283,663.838071428574,1080.8109523809562
하스,450330,2024-07-03,500,29550.0,17150.0,15680.0,30150.659325396828,19592.203293650797,17404.09972222222,600.6593253968276,2442.2032936507967,1724.0997222222213,2.0326880724088925,14.240252441112517,10.995533942743759,600.6593253968276,2442.2032936507967,1724.0997222222213
하이제8호기업인수목적,450050,2023-06-22,100,2135.0,2125.0,2130.0,2128.8487103174607,2090.7343293650797,2093.716555555556,-6.1512896825393,-34.2656706349203,-36.28344444444383,-0.2881166127653068,-1.6125021475256611,-1.7034480959832783,6.1512896825393,34.2656706349203,36.28344444444383
하이젠알앤엠,160190,2024-06-27,500,21300.0,15160.0,15850.0,23539.792702020208,16746.33061688312,21499.498928571425,2239.792702020208,1586.3306168831186,5649.4989285714255,10.515458694930553,10.463922274954609,35.643526363226655,2239.792702020208,1586.3306168831186,5649.4989285714255
한국제12호기업인수목적,458610,2023-08-30,100,4200.0,2520.0,2235.0,5456.626883116884,2608.57636904762,2406.285853174603,1256.6268831168836,88.57636904762012,171.28585317460283,29.919687693259135,3.514935279667465,7.663796562622051,1256.6268831168836,88.57636904762012,171.28585317460283
한국제13호기업인수목적,464440,2023-11-13,100,2745.0,1980.0,1974.0,2883.748809523808,1985.2292936507938,1985.424821428571,138.74880952380818,5.229293650793807,11.424821428571022,5.054601439847292,0.26410573993908115,0.5787650166449353,138.74880952380818,5.229293650793807,11.424821428571022
한국제14호기업인수목적,477530,2024-06-19,100,3495.0,2055.0,2065.0,3468.327956349206,2047.703388888889,2060.528726190476,-26.672043650793967,-7.296611111110906,-4.471273809524064,-0.7631486023117016,-0.35506623411731897,-0.2165265767324002,26.672043650793967,7.296611111110906,4.471273809524064
한국제15호기업인수목적,479880,2024-06-26,100,3275.0,1983.0,1992.0,3319.547489177488,1989.7764444444442,1999.7646948051954,44.54748917748793,6.776444444444223,7.764694805195404,1.3602286771752041,0.34172690087968854,0.3897939159234641,44.54748917748793,6.776444444444223,7.764694805195404
한빛레이저,452190,2024-01-04,100,6330.0,6330.0,7390.0,10784.801309523808,11852.21876984127,14396.677857142857,4454.8013095238075,5522.218769841271,7006.677857142857,70.37600804934925,87.23884312545451,94.81296153102647,4454.8013095238075,5522.218769841271,7006.677857142857
한싹,430690,2023-10-04,500,42000.0,21500.0,26450.0,27240.393769841274,22405.993888888894,23613.997420634936,-14759.606230158726,905.9938888888937,-2836.002579365064,-35.14191959561602,4.213925064599506,-10.722126954121226,14759.606230158726,905.9938888888937,2836.002579365064
한주라이트메탈,198940,2023-01-19,500,5340.0,5340.0,6020.0,6488.031666666666,5856.096221139974,7468.14511904762,1148.0316666666658,516.0962211399737,1448.14511904762,21.49872034956303,9.664723242321607,24.055566761588373,1148.0316666666658,516.0962211399737,1448.14511904762
한중엔시에스,107640,2024-06-24,500,52000.0,34000.0,44200.0,41256.34138888889,30794.76416666666,30906.8897005772,-10743.65861111111,-3205.2358333333395,-13293.110299422799,-20.66088194444444,-9.427164215686293,-30.07491017968959,10743.65861111111,3205.2358333333395,13293.110299422799
한켐,457370,2024-10-22,500,33300.0,22800.0,20350.0,34936.22293650794,23021.781233766233,21033.956706349207,1636.2229365079402,221.78123376623262,683.9567063492068,4.913582391915736,0.9727247095010203,3.360966615966618,1636.2229365079402,221.78123376623262,683.9567063492068
한화플러스제4호기업인수목적,455310,2023-09-07,100,2955.0,1998.0,1995.0,3024.0352380952386,2014.7069444444453,2013.785134920635,69.03523809523858,16.7069444444453,18.785134920635073,2.336217871243268,0.8361834056278928,0.9416107729641641,69.03523809523858,16.7069444444453,18.785134920635073
